year,results,margins_year,margin,decade,score
1877,England,1877,4 wickets,1870,7.0
1877,Australia,1877,45 runs,1870,8.0
1878,,1878,,1870,
1879,Australia,1879,10 wickets,1870,4.0
1880,England,1880,5 wickets,1880,6.0
1881,drawn,1881,-,1880,1.0
1882,Australia,1882,9 wickets,1880,4.0
1882,Australia,1882,7 runs,1880,9.0
1882,drawn,1882,-,1880,1.0
1882,Australia,1882,6 wickets,1880,6.0
1882,Australia,1882,5 wickets,1880,6.0
1883,Australia,1883,4 wickets,1880,7.0
1883,England,1883,69 runs,1880,7.0
1883,England,1883,inns & 27 runs,1880,2.0
1884,England,1884,8 wickets,1880,5.0
1884,drawn,1884,-,1880,1.0
1884,England,1884,inns & 5 runs,1880,2.0
1884,drawn,1884,-,1880,1.0
1885,England,1885,inns & 98 runs,1880,2.0
1885,Australia,1885,8 wickets,1880,5.0
1885,Australia,1885,6 runs,1880,9.0
1885,England,1885,10 wickets,1880,4.0
1886,England,1886,inns & 217 runs,1880,2.0
1886,England,1886,inns & 106 runs,1880,2.0
1886,England,1886,4 wickets,1880,7.0
1887,England,1887,71 runs,1880,7.0
1887,England,1887,13 runs,1880,9.0
1888,England,1888,inns & 21 runs,1880,2.0
1888,England,1888,inns & 137 runs,1880,2.0
1888,Australia,1888,61 runs,1880,7.0
1888,England,1888,126 runs,1880,6.0
1889,England,1889,inns & 202 runs,1880,2.0
1889,England,1889,8 wickets,1880,5.0
1890,England,1890,2 wickets,1890,8.0
1890,England,1890,7 wickets,1890,5.0
1891,,1891,,1890,
1892,England,1892,inns & 230 runs,1890,2.0
1892,England,1892,inns & 189 runs,1890,2.0
1892,Australia,1892,72 runs,1890,7.0
1892,Australia,1892,54 runs,1890,7.0
1893,drawn,1893,-,1890,1.0
1893,England,1893,inns & 43 runs,1890,2.0
1893,drawn,1893,-,1890,1.0
1894,England,1894,94 runs,1890,7.0
1894,England,1894,10 runs,1890,9.0
1895,England,1895,6 wickets,1890,6.0
1895,Australia,1895,inns & 147 runs,1890,2.0
1895,Australia,1895,382 runs,1890,4.0
1896,England,1896,66 runs,1890,7.0
1896,Australia,1896,3 wickets,1890,7.0
1896,England,1896,6 wickets,1890,6.0
1896,England,1896,inns & 33 runs,1890,2.0
1896,England,1896,inns & 197 runs,1890,2.0
1896,England,1896,288 runs,1890,4.0
1897,England,1897,9 wickets,1890,4.0
1898,Australia,1898,6 wickets,1890,6.0
1898,Australia,1898,8 wickets,1890,5.0
1898,Australia,1898,inns & 13 runs,1890,2.0
1898,Australia,1898,inns & 55 runs,1890,2.0
1899,drawn,1899,-,1890,1.0
1899,drawn,1899,-,1890,1.0
1899,drawn,1899,-,1890,1.0
1899,Australia,1899,10 wickets,1890,4.0
1899,drawn,1899,-,1890,1.0
1899,England,1899,210 runs,1890,4.0
1899,England,1899,32 runs,1890,8.0
1900,,1900,,1900,
1901,England,1901,inns & 124 runs,1900,2.0
1902,Australia,1902,10 wickets,1900,4.0
1902,Australia,1902,159 runs,1900,5.0
1902,drawn,1902,-,1900,1.0
1902,England,1902,1 wicket,1900,9.0
1902,Australia,1902,3 runs,1900,9.0
1902,Australia,1902,143 runs,1900,6.0
1902,drawn,1902,-,1900,1.0
1902,drawn,1902,-,1900,1.0
1902,Australia,1902,32 runs,1900,8.0
1902,Australia,1902,7 wickets,1900,5.0
1902,Australia,1902,4 wickets,1900,7.0
1902,Australia,1902,229 runs,1900,4.0
1903,England,1903,5 wickets,1900,6.0
1904,Australia,1904,218 runs,1900,4.0
1904,England,1904,157 runs,1900,5.0
1904,Australia,1904,216 runs,1900,4.0
1904,England,1904,185 runs,1900,5.0
1905,drawn,1905,-,1900,1.0
1905,England,1905,inns & 80 runs,1900,2.0
1905,drawn,1905,-,1900,1.0
1905,drawn,1905,-,1900,1.0
1905,England,1905,213 runs,1900,4.0
1906,South Africa,1906,inns & 16 runs,1900,2.0
1906,England,1906,4 wickets,1900,7.0
1906,South Africa,1906,243 runs,1900,4.0
1906,South Africa,1906,9 wickets,1900,4.0
1906,South Africa,1906,1 wicket,1900,9.0
1907,Australia,1907,2 wickets,1900,8.0
1907,drawn,1907,-,1900,1.0
1907,England,1907,53 runs,1900,7.0
1907,drawn,1907,-,1900,1.0
1908,Australia,1908,49 runs,1900,8.0
1908,Australia,1908,308 runs,1900,4.0
1908,Australia,1908,245 runs,1900,4.0
1908,England,1908,1 wicket,1900,9.0
1909,drawn,1909,-,1900,1.0
1909,drawn,1909,-,1900,1.0
1909,Australia,1909,126 runs,1900,6.0
1909,Australia,1909,9 wickets,1900,4.0
1909,England,1909,10 wickets,1900,4.0
1910,Australia,1910,89 runs,1910,7.0
1910,Australia,1910,inns & 114 runs,1910,2.0
1910,England,1910,9 wickets,1910,4.0
1910,South Africa,1910,4 wickets,1910,7.0
1910,England,1910,3 wickets,1910,7.0
1910,South Africa,1910,95 runs,1910,7.0
1910,South Africa,1910,19 runs,1910,9.0
1911,England,1911,8 wickets,1910,5.0
1911,Australia,1911,146 runs,1910,6.0
1911,Australia,1911,7 wickets,1910,5.0
1911,Australia,1911,530 runs,1910,4.0
1911,South Africa,1911,38 runs,1910,8.0
1912,England,1912,244 runs,1910,4.0
1912,England,1912,10 wickets,1910,4.0
1912,drawn,1912,-,1910,1.0
1912,drawn,1912,-,1910,1.0
1912,Australia,1912,10 wickets,1910,4.0
1912,England,1912,174 runs,1910,5.0
1912,drawn,1912,-,1910,1.0
1912,England,1912,inns & 62 runs,1910,2.0
1912,Australia,1912,inns & 88 runs,1910,2.0
1912,England,1912,70 runs,1910,7.0
1912,England,1912,inns & 225 runs,1910,2.0
1912,England,1912,7 wickets,1910,5.0
1913,England,1913,inns & 12 runs,1910,2.0
1913,England,1913,inns & 157 runs,1910,2.0
1914,England,1914,10 wickets,1910,4.0
1914,drawn,1914,-,1910,1.0
1914,England,1914,91 runs,1910,7.0
1915,,1915,,1910,
1916,,1916,,1910,
1917,,1917,,1910,
1918,,1918,,1910,
1919,,1919,,1910,
1920,Australia,1920,inns & 91 runs,1920,2.0
1920,Australia,1920,377 runs,1920,4.0
1921,Australia,1921,10 wickets,1920,4.0
1921,drawn,1921,-,1920,1.0
1921,drawn,1921,-,1920,1.0
1921,drawn,1921,-,1920,1.0
1921,drawn,1921,-,1920,1.0
1921,Australia,1921,219 runs,1920,4.0
1921,Australia,1921,8 wickets,1920,5.0
1921,Australia,1921,10 wickets,1920,4.0
1921,Australia,1921,9 wickets,1920,4.0
1921,Australia,1921,8 wickets,1920,5.0
1921,Australia,1921,119 runs,1920,6.0
1922,South Africa,1922,168 runs,1920,5.0
1923,England,1923,109 runs,1920,6.0
1923,drawn,1923,-,1920,1.0
1923,drawn,1923,-,1920,1.0
1923,England,1923,1 wicket,1920,9.0
1924,Australia,1924,193 runs,1920,5.0
1924,drawn,1924,-,1920,1.0
1924,drawn,1924,-,1920,1.0
1924,England,1924,9 wickets,1920,4.0
1924,England,1924,inns & 18 runs,1920,2.0
1924,England,1924,inns & 18 runs,1920,2.0
1925,Australia,1925,307 runs,1920,4.0
1925,England,1925,inns & 29 runs,1920,2.0
1925,Australia,1925,11 runs,1920,9.0
1925,Australia,1925,81 runs,1920,7.0
1926,England,1926,289 runs,1920,4.0
1926,drawn,1926,-,1920,1.0
1926,drawn,1926,-,1920,1.0
1926,drawn,1926,-,1920,1.0
1926,drawn,1926,-,1920,1.0
1927,England,1927,87 runs,1920,7.0
1927,England,1927,10 wickets,1920,4.0
1928,England,1928,3 wickets,1920,7.0
1928,England,1928,8 wickets,1920,5.0
1928,England,1928,675 runs,1920,4.0
1928,England,1928,inns & 71 runs,1920,2.0
1928,England,1928,inns & 30 runs,1920,2.0
1928,England,1928,inns & 58 runs,1920,2.0
1928,South Africa,1928,8 wickets,1920,5.0
1928,South Africa,1928,4 wickets,1920,7.0
1928,drawn,1928,-,1920,1.0
1929,drawn,1929,-,1920,1.0
1929,England,1929,inns & 32 runs,1920,2.0
1929,England,1929,5 wickets,1920,6.0
1929,drawn,1929,-,1920,1.0
1929,drawn,1929,-,1920,1.0
1929,Australia,1929,5 wickets,1920,6.0
1929,England,1929,12 runs,1920,9.0
1930,South Africa,1930,28 runs,1930,8.0
1930,Australia,1930,10 wickets,1930,4.0
1930,Australia,1930,inns & 39 runs,1930,2.0
1930,drawn,1930,-,1930,1.0
1930,drawn,1930,-,1930,1.0
1930,Australia,1930,7 wickets,1930,5.0
1930,England,1930,93 runs,1930,7.0
1930,drawn,1930,-,1930,1.0
1930,West Indies,1930,289 runs,1930,4.0
1930,drawn,1930,-,1930,1.0
1930,drawn,1930,-,1930,1.0
1930,England,1930,167 runs,1930,5.0
1930,drawn,1930,-,1930,1.0
1930,drawn,1930,-,1930,1.0
1930,England,1930,8 wickets,1930,5.0
1931,Australia,1931,169 runs,1930,5.0
1931,Australia,1931,inns & 155 runs,1930,2.0
1931,Australia,1931,inns & 163 runs,1930,2.0
1931,drawn,1931,-,1930,1.0
1931,England,1931,inns & 26 runs,1930,2.0
1931,drawn,1931,-,1930,1.0
1931,West Indies,1931,30 runs,1930,8.0
1931,drawn,1931,-,1930,1.0
1931,drawn,1931,-,1930,1.0
1931,Australia,1931,inns & 122 runs,1930,2.0
1931,drawn,1931,-,1930,1.0
1931,Australia,1931,inns & 217 runs,1930,2.0
1931,drawn,1931,-,1930,1.0
1931,Australia,1931,inns & 172 runs,1930,2.0
1932,Australia,1932,111 runs,1930,6.0
1932,England,1932,10 wickets,1930,4.0
1932,England,1932,158 runs,1930,5.0
1932,South Africa,1932,8 wickets,1930,5.0
1932,South Africa,1932,inns & 12 runs,1930,2.0
1932,Australia,1932,inns & 72 runs,1930,2.0
1932,Australia,1932,10 wickets,1930,4.0
1933,England,1933,9 wickets,1930,4.0
1933,England,1933,inns & 17 runs,1930,2.0
1933,drawn,1933,-,1930,1.0
1933,England,1933,inns & 27 runs,1930,2.0
1933,drawn,1933,-,1930,1.0
1933,drawn,1933,-,1930,1.0
1933,England,1933,8 wickets,1930,5.0
1933,England,1933,6 wickets,1930,6.0
1933,England,1933,338 runs,1930,4.0
1934,Australia,1934,562 runs,1930,4.0
1934,drawn,1934,-,1930,1.0
1934,drawn,1934,-,1930,1.0
1934,England,1934,inns & 38 runs,1930,2.0
1934,Australia,1934,238 runs,1930,4.0
1934,England,1934,202 runs,1930,4.0
1934,drawn,1934,-,1930,1.0
1935,drawn,1935,-,1930,1.0
1935,Australia,1935,9 wickets,1930,4.0
1935,drawn,1935,-,1930,1.0
1935,drawn,1935,-,1930,1.0
1935,drawn,1935,-,1930,1.0
1935,South Africa,1935,157 runs,1930,5.0
1935,drawn,1935,-,1930,1.0
1935,West Indies,1935,inns & 161 runs,1930,2.0
1935,drawn,1935,-,1930,1.0
1935,West Indies,1935,217 runs,1930,4.0
1935,England,1935,4 wickets,1930,7.0
1936,England,1936,inns & 22 runs,1930,2.0
1936,England,1936,322 runs,1930,4.0
1936,England,1936,9 wickets,1930,4.0
1936,drawn,1936,-,1930,1.0
1936,England,1936,9 wickets,1930,4.0
1936,Australia,1936,inns & 6 runs,1930,2.0
1936,Australia,1936,inns & 184 runs,1930,2.0
1936,Australia,1936,inns & 78 runs,1930,2.0
1937,drawn,1937,-,1930,1.0
1937,England,1937,130 runs,1930,6.0
1937,drawn,1937,-,1930,1.0
1937,Australia,1937,inns & 200 runs,1930,2.0
1937,Australia,1937,148 runs,1930,6.0
1937,Australia,1937,365 runs,1930,4.0
1938,drawn,1938,-,1930,1.0
1938,drawn,1938,-,1930,1.0
1938,England,1938,inns & 579 runs,1930,2.0
1938,Australia,1938,5 wickets,1930,6.0
1938,drawn,1938,-,1930,1.0
1938,drawn,1938,-,1930,1.0
1939,drawn,1939,-,1930,1.0
1939,drawn,1939,-,1930,1.0
1939,England,1939,8 wickets,1930,5.0
1939,drawn,1939,-,1930,1.0
1939,drawn,1939,-,1930,1.0
1939,England,1939,inns & 13 runs,1930,2.0
1940,,1940,,1940,
1941,,1941,,1940,
1942,,1942,,1940,
1943,,1943,,1940,
1944,,1944,,1940,
1945,,1945,,1940,
1946,Australia,1946,inns & 33 runs,1940,2.0
1946,Australia,1946,inns & 332 runs,1940,2.0
1946,drawn,1946,-,1940,1.0
1946,drawn,1946,-,1940,1.0
1946,England,1946,10 wickets,1940,4.0
1946,Australia,1946,inns & 103 runs,1940,2.0
1947,drawn,1947,-,1940,1.0
1947,Australia,1947,inns & 226 runs,1940,2.0
1947,drawn,1947,-,1940,1.0
1947,England,1947,10 wickets,1940,4.0
1947,England,1947,7 wickets,1940,5.0
1947,England,1947,10 wickets,1940,4.0
1947,drawn,1947,-,1940,1.0
1947,drawn,1947,-,1940,1.0
1947,Australia,1947,5 wickets,1940,6.0
1947,drawn,1947,-,1940,1.0
1947,drawn,1947,-,1940,1.0
1948,drawn,1948,-,1940,1.0
1948,drawn,1948,-,1940,1.0
1948,England,1948,2 wickets,1940,8.0
1948,drawn,1948,-,1940,1.0
1948,drawn,1948,-,1940,1.0
1948,Australia,1948,inns & 149 runs,1940,2.0
1948,Australia,1948,7 wickets,1940,5.0
1948,drawn,1948,-,1940,1.0
1948,Australia,1948,409 runs,1940,4.0
1948,Australia,1948,8 wickets,1940,5.0
1948,West Indies,1948,10 wickets,1940,4.0
1948,West Indies,1948,7 wickets,1940,5.0
1948,drawn,1948,-,1940,1.0
1948,Australia,1948,inns & 177 runs,1940,2.0
1948,Australia,1948,inns & 16 runs,1940,2.0
1948,drawn,1948,-,1940,1.0
1948,Australia,1948,233 runs,1940,4.0
1949,Australia,1949,8 wickets,1940,5.0
1949,Australia,1949,inns & 85 runs,1940,2.0
1949,drawn,1949,-,1940,1.0
1949,drawn,1949,-,1940,1.0
1949,drawn,1949,-,1940,1.0
1949,drawn,1949,-,1940,1.0
1949,England,1949,3 wickets,1940,7.0
1949,drawn,1949,-,1940,1.0
1949,drawn,1949,-,1940,1.0
1949,West Indies,1949,inns & 193 runs,1940,2.0
1949,drawn,1949,-,1940,1.0
1950,Australia,1950,28 runs,1950,8.0
1950,Australia,1950,70 runs,1950,7.0
1950,West Indies,1950,inns & 56 runs,1950,2.0
1950,West Indies,1950,10 wickets,1950,4.0
1950,West Indies,1950,326 runs,1950,4.0
1950,England,1950,202 runs,1950,4.0
1950,Australia,1950,inns & 259 runs,1950,2.0
1950,drawn,1950,-,1950,1.0
1950,Australia,1950,5 wickets,1950,6.0
1951,Australia,1951,1 wicket,1950,9.0
1951,drawn,1951,-,1950,1.0
1951,West Indies,1951,6 wickets,1950,6.0
1951,drawn,1951,-,1950,1.0
1951,Australia,1951,7 wickets,1950,5.0
1951,Australia,1951,3 wickets,1950,7.0
1951,drawn,1951,-,1950,1.0
1951,England,1951,4 wickets,1950,7.0
1951,drawn,1951,-,1950,1.0
1951,England,1951,9 wickets,1950,4.0
1951,England,1951,10 wickets,1950,4.0
1951,South Africa,1951,71 runs,1950,7.0
1951,England,1951,6 wickets,1950,6.0
1951,drawn,1951,-,1950,1.0
1951,England,1951,8 wickets,1950,5.0
1951,Australia,1951,274 runs,1950,4.0
1951,Australia,1951,inns & 13 runs,1950,2.0
1952,South Africa,1952,82 runs,1950,7.0
1952,drawn,1952,-,1950,1.0
1952,Australia,1952,96 runs,1950,7.0
1952,drawn,1952,-,1950,1.0
1952,India,1952,10 wickets,1950,4.0
1952,Pakistan,1952,inns & 43 runs,1950,2.0
1952,India,1952,inns & 70 runs,1950,2.0
1952,drawn,1952,-,1950,1.0
1952,England,1952,inns & 207 runs,1950,2.0
1952,England,1952,8 wickets,1950,5.0
1952,England,1952,7 wickets,1950,5.0
1952,drawn,1952,-,1950,1.0
1952,West Indies,1952,5 wickets,1950,6.0
1952,India,1952,inns & 8 runs,1950,2.0
1952,Australia,1952,202 runs,1950,4.0
1952,England,1952,8 wickets,1950,5.0
1953,South Africa,1953,132 runs,1950,6.0
1953,South Africa,1953,inns & 58 runs,1950,2.0
1953,England,1953,8 wickets,1950,5.0
1953,drawn,1953,-,1950,1.0
1953,drawn,1953,-,1950,1.0
1953,drawn,1953,-,1950,1.0
1953,drawn,1953,-,1950,1.0
1953,drawn,1953,-,1950,1.0
1953,drawn,1953,-,1950,1.0
1953,drawn,1953,-,1950,1.0
1953,South Africa,1953,inns & 180 runs,1950,2.0
1953,drawn,1953,-,1950,1.0
1953,West Indies,1953,142 runs,1950,6.0
1953,South Africa,1953,6 wickets,1950,6.0
1953,drawn,1953,-,1950,1.0
1953,drawn,1953,-,1950,1.0
1953,Australia,1953,inns & 38 runs,1950,2.0
1954,England,1954,128 runs,1950,6.0
1954,England,1954,38 runs,1950,8.0
1954,Australia,1954,inns & 154 runs,1950,2.0
1954,Pakistan,1954,24 runs,1950,9.0
1954,drawn,1954,-,1950,1.0
1954,England,1954,inns & 129 runs,1950,2.0
1954,drawn,1954,-,1950,1.0
1954,England,1954,9 wickets,1950,4.0
1954,drawn,1954,-,1950,1.0
1954,England,1954,9 wickets,1950,4.0
1954,West Indies,1954,181 runs,1950,5.0
1954,South Africa,1954,5 wickets,1950,6.0
1954,South Africa,1954,9 wickets,1950,4.0
1954,West Indies,1954,140 runs,1950,6.0
1954,drawn,1954,-,1950,1.0
1955,drawn,1955,-,1950,1.0
1955,drawn,1955,-,1950,1.0
1955,India,1955,inns & 27 runs,1950,2.0
1955,drawn,1955,-,1950,1.0
1955,drawn,1955,-,1950,1.0
1955,Pakistan,1955,4 wickets,1950,7.0
1955,Pakistan,1955,inns & 1 run,1950,2.0
1955,England,1955,92 runs,1950,7.0
1955,South Africa,1955,224 runs,1950,4.0
1955,South Africa,1955,3 wickets,1950,7.0
1955,England,1955,71 runs,1950,7.0
1955,Australia,1955,inns & 82 runs,1950,2.0
1955,England,1955,inns & 5 runs,1950,2.0
1955,drawn,1955,-,1950,1.0
1955,Australia,1955,8 wickets,1950,5.0
1955,drawn,1955,-,1950,1.0
1955,Australia,1955,9 wickets,1950,4.0
1955,England,1955,inns & 20 runs,1950,2.0
1955,England,1955,8 wickets,1950,5.0
1955,drawn,1955,-,1950,1.0
1955,drawn,1955,-,1950,1.0
1955,drawn,1955,-,1950,1.0
1955,drawn,1955,-,1950,1.0
1955,England,1955,5 wickets,1950,6.0
1955,drawn,1955,-,1950,1.0
1955,drawn,1955,-,1950,1.0
1956,England,1956,131 runs,1950,6.0
1956,Australia,1956,94 runs,1950,7.0
1956,drawn,1956,-,1950,1.0
1956,Australia,1956,inns & 5 runs,1950,2.0
1956,Pakistan,1956,9 wickets,1950,4.0
1956,drawn,1956,-,1950,1.0
1956,England,1956,inns & 170 runs,1950,2.0
1956,England,1956,inns & 42 runs,1950,2.0
1956,Australia,1956,185 runs,1950,5.0
1956,drawn,1956,-,1950,1.0
1956,New Zealand,1956,190 runs,1950,5.0
1956,West Indies,1956,9 wickets,1950,4.0
1956,West Indies,1956,inns & 64 runs,1950,2.0
1956,West Indies,1956,inns & 71 runs,1950,2.0
1956,India,1956,inns & 109 runs,1950,2.0
1957,Australia,1957,inns & 141 runs,1950,2.0
1957,drawn,1957,-,1950,1.0
1957,England,1957,inns & 237 runs,1950,2.0
1957,England,1957,inns & 5 runs,1950,2.0
1957,drawn,1957,-,1950,1.0
1957,England,1957,inns & 36 runs,1950,2.0
1957,drawn,1957,-,1950,1.0
1957,South Africa,1957,58 runs,1950,7.0
1957,South Africa,1957,17 runs,1950,9.0
1957,drawn,1957,-,1950,1.0
1957,England,1957,312 runs,1950,4.0
1958,West Indies,1958,inns & 336 runs,1950,2.0
1958,Australia,1958,8 wickets,1950,5.0
1958,West Indies,1958,203 runs,1950,4.0
1958,Australia,1958,8 wickets,1950,5.0
1958,drawn,1958,-,1950,1.0
1958,drawn,1958,-,1950,1.0
1958,England,1958,inns & 13 runs,1950,2.0
1958,England,1958,inns & 71 runs,1950,2.0
1958,England,1958,inns & 148 runs,1950,2.0
1958,England,1958,205 runs,1950,4.0
1958,Pakistan,1958,inns & 1 run,1950,2.0
1958,West Indies,1958,8 wickets,1950,5.0
1958,Australia,1958,8 wickets,1950,5.0
1958,West Indies,1958,inns & 174 runs,1950,2.0
1958,Australia,1958,10 wickets,1950,4.0
1958,West Indies,1958,120 runs,1950,6.0
1958,drawn,1958,-,1950,1.0
1958,drawn,1958,-,1950,1.0
1959,India,1959,119 runs,1950,6.0
1959,Australia,1959,inns & 127 runs,1950,2.0
1959,drawn,1959,-,1950,1.0
1959,Australia,1959,7 wickets,1950,5.0
1959,Australia,1959,8 wickets,1950,5.0
1959,England,1959,inns & 27 runs,1950,2.0
1959,England,1959,171 runs,1950,5.0
1959,England,1959,inns & 173 runs,1950,2.0
1959,England,1959,8 wickets,1950,5.0
1959,England,1959,inns & 59 runs,1950,2.0
1959,West Indies,1959,inns & 156 runs,1950,2.0
1959,drawn,1959,-,1950,1.0
1959,Pakistan,1959,41 runs,1950,8.0
1959,England,1959,inns & 99 runs,1950,2.0
1959,Pakistan,1959,10 wickets,1950,4.0
1959,Australia,1959,9 wickets,1950,4.0
1959,drawn,1959,-,1950,1.0
1959,Australia,1959,10 wickets,1950,4.0
1959,West Indies,1959,295 runs,1950,4.0
1959,drawn,1959,-,1950,1.0
1960,drawn,1960,-,1960,1.0
1960,Australia,1960,7 wickets,1960,5.0
1960,drawn,1960,-,1960,1.0
1960,tied,1960,-,1960,10.0
1960,drawn,1960,-,1960,1.0
1960,drawn,1960,-,1960,1.0
1960,drawn,1960,-,1960,1.0
1960,England,1960,8 wickets,1960,5.0
1960,England,1960,inns & 73 runs,1960,2.0
1960,England,1960,100 runs,1960,6.0
1960,drawn,1960,-,1960,1.0
1960,drawn,1960,-,1960,1.0
1960,drawn,1960,-,1960,1.0
1960,England,1960,256 runs,1960,4.0
1960,drawn,1960,-,1960,1.0
1960,Australia,1960,inns & 55 runs,1960,2.0
1960,drawn,1960,-,1960,1.0
1960,drawn,1960,-,1960,1.0
1961,India,1961,187 runs,1960,5.0
1961,drawn,1961,-,1960,1.0
1961,drawn,1961,-,1960,1.0
1961,South Africa,1961,30 runs,1960,8.0
1961,drawn,1961,-,1960,1.0
1961,drawn,1961,-,1960,1.0
1961,England,1961,5 wickets,1960,6.0
1961,drawn,1961,-,1960,1.0
1961,Australia,1961,54 runs,1960,7.0
1961,England,1961,8 wickets,1960,5.0
1961,Australia,1961,5 wickets,1960,6.0
1961,drawn,1961,-,1960,1.0
1961,Australia,1961,2 wickets,1960,8.0
1961,drawn,1961,-,1960,1.0
1961,drawn,1961,-,1960,1.0
1961,drawn,1961,-,1960,1.0
1961,West Indies,1961,222 runs,1960,4.0
1962,England,1962,7 wickets,1960,5.0
1962,drawn,1962,-,1960,1.0
1962,England,1962,10 wickets,1960,4.0
1962,drawn,1962,-,1960,1.0
1962,England,1962,inns & 117 runs,1960,2.0
1962,England,1962,9 wickets,1960,4.0
1962,England,1962,inns & 24 runs,1960,2.0
1962,West Indies,1962,123 runs,1960,6.0
1962,West Indies,1962,7 wickets,1960,5.0
1962,West Indies,1962,inns & 30 runs,1960,2.0
1962,West Indies,1962,inns & 18 runs,1960,2.0
1962,West Indies,1962,10 wickets,1960,4.0
1962,New Zealand,1962,40 runs,1960,8.0
1962,South Africa,1962,inns & 51 runs,1960,2.0
1962,drawn,1962,-,1960,1.0
1962,drawn,1962,-,1960,1.0
1962,India,1962,128 runs,1960,6.0
1962,New Zealand,1962,72 runs,1960,7.0
1963,drawn,1963,-,1960,1.0
1963,West Indies,1963,8 wickets,1960,5.0
1963,West Indies,1963,221 runs,1960,4.0
1963,England,1963,217 runs,1960,4.0
1963,drawn,1963,-,1960,1.0
1963,West Indies,1963,10 wickets,1960,4.0
1963,England,1963,7 wickets,1960,5.0
1963,England,1963,inns & 47 runs,1960,2.0
1963,England,1963,inns & 215 runs,1960,2.0
1963,drawn,1963,-,1960,1.0
1963,drawn,1963,-,1960,1.0
1963,Australia,1963,8 wickets,1960,5.0
1964,drawn,1964,-,1960,1.0
1964,England,1964,inns & 104 runs,1960,2.0
1964,drawn,1964,-,1960,1.0
1964,drawn,1964,-,1960,1.0
1964,drawn,1964,-,1960,1.0
1964,India,1964,2 wickets,1960,8.0
1964,Australia,1964,139 runs,1960,6.0
1964,drawn,1964,-,1960,1.0
1964,drawn,1964,-,1960,1.0
1964,Australia,1964,7 wickets,1960,5.0
1964,drawn,1964,-,1960,1.0
1964,drawn,1964,-,1960,1.0
1964,drawn,1964,-,1960,1.0
1964,drawn,1964,-,1960,1.0
1964,drawn,1964,-,1960,1.0
1964,drawn,1964,-,1960,1.0
1964,drawn,1964,-,1960,1.0
1964,drawn,1964,-,1960,1.0
1964,drawn,1964,-,1960,1.0
1964,South Africa,1964,10 wickets,1960,4.0
1964,drawn,1964,-,1960,1.0
1964,drawn,1964,-,1960,1.0
1964,drawn,1964,-,1960,1.0
1964,Australia,1964,8 wickets,1960,5.0
1965,drawn,1965,-,1960,1.0
1965,drawn,1965,-,1960,1.0
1965,drawn,1965,-,1960,1.0
1965,South Africa,1965,94 runs,1960,7.0
1965,drawn,1965,-,1960,1.0
1965,England,1965,inns & 187 runs,1960,2.0
1965,England,1965,7 wickets,1960,5.0
1965,England,1965,9 wickets,1960,4.0
1965,Australia,1965,10 wickets,1960,4.0
1965,drawn,1965,-,1960,1.0
1965,West Indies,1965,212 runs,1960,4.0
1965,Pakistan,1965,8 wickets,1960,5.0
1965,drawn,1965,-,1960,1.0
1965,Pakistan,1965,inns & 64 runs,1960,2.0
1965,drawn,1965,-,1960,1.0
1965,India,1965,7 wickets,1960,5.0
1965,drawn,1965,-,1960,1.0
1965,drawn,1965,-,1960,1.0
1965,West Indies,1965,179 runs,1960,5.0
1965,drawn,1965,-,1960,1.0
1965,drawn,1965,-,1960,1.0
1965,drawn,1965,-,1960,1.0
1965,drawn,1965,-,1960,1.0
1965,drawn,1965,-,1960,1.0
1965,drawn,1965,-,1960,1.0
1965,drawn,1965,-,1960,1.0
1966,Australia,1966,6 wickets,1960,6.0
1966,West Indies,1966,inns & 45 runs,1960,2.0
1966,South Africa,1966,233 runs,1960,4.0
1966,West Indies,1966,6 wickets,1960,6.0
1966,England,1966,inns & 34 runs,1960,2.0
1966,West Indies,1966,inns & 55 runs,1960,2.0
1966,West Indies,1966,139 runs,1960,6.0
1966,drawn,1966,-,1960,1.0
1966,West Indies,1966,inns & 40 runs,1960,2.0
1966,drawn,1966,-,1960,1.0
1966,drawn,1966,-,1960,1.0
1966,drawn,1966,-,1960,1.0
1966,drawn,1966,-,1960,1.0
1966,Australia,1966,inns & 9 runs,1960,2.0
1966,England,1966,inns & 93 runs,1960,2.0
1967,Australia,1967,inns & 4 runs,1960,2.0
1967,Australia,1967,146 runs,1960,6.0
1967,England,1967,8 wickets,1960,5.0
1967,England,1967,10 wickets,1960,4.0
1967,drawn,1967,-,1960,1.0
1967,England,1967,132 runs,1960,6.0
1967,England,1967,inns & 124 runs,1960,2.0
1967,England,1967,6 wickets,1960,6.0
1967,South Africa,1967,7 wickets,1960,5.0
1967,drawn,1967,-,1960,1.0
1967,South Africa,1967,8 wickets,1960,5.0
1967,drawn,1967,-,1960,1.0
1968,Australia,1968,inns & 30 runs,1960,2.0
1968,West Indies,1968,125 runs,1960,6.0
1968,England,1968,226 runs,1960,4.0
1968,drawn,1968,-,1960,1.0
1968,drawn,1968,-,1960,1.0
1968,drawn,1968,-,1960,1.0
1968,Australia,1968,159 runs,1960,5.0
1968,drawn,1968,-,1960,1.0
1968,England,1968,7 wickets,1960,5.0
1968,India,1968,272 runs,1960,4.0
1968,drawn,1968,-,1960,1.0
1968,India,1968,8 wickets,1960,5.0
1968,New Zealand,1968,6 wickets,1960,6.0
1968,India,1968,5 wickets,1960,6.0
1968,drawn,1968,-,1960,1.0
1968,Australia,1968,144 runs,1960,6.0
1968,drawn,1968,-,1960,1.0
1968,Australia,1968,39 runs,1960,8.0
1969,Australia,1969,77 runs,1960,7.0
1969,Australia,1969,10 wickets,1960,4.0
1969,India,1969,7 wickets,1960,5.0
1969,drawn,1969,-,1960,1.0
1969,drawn,1969,-,1960,1.0
1969,Australia,1969,8 wickets,1960,5.0
1969,New Zealand,1969,5 wickets,1960,6.0
1969,drawn,1969,-,1960,1.0
1969,drawn,1969,-,1960,1.0
1969,New Zealand,1969,167 runs,1960,5.0
1969,India,1969,60 runs,1960,7.0
1969,England,1969,8 wickets,1960,5.0
1969,drawn,1969,-,1960,1.0
1969,England,1969,230 runs,1960,4.0
1969,England,1969,30 runs,1960,8.0
1969,drawn,1969,-,1960,1.0
1969,England,1969,10 wickets,1960,4.0
1969,drawn,1969,-,1960,1.0
1969,New Zealand,1969,6 wickets,1960,6.0
1969,drawn,1969,-,1960,1.0
1969,drawn,1969,-,1960,1.0
1969,West Indies,1969,5 wickets,1960,6.0
1969,drawn,1969,-,1960,1.0
1969,Australia,1969,382 runs,1960,4.0
1969,drawn,1969,-,1960,1.0
1969,Australia,1969,10 wickets,1960,4.0
1970,drawn,1970,-,1970,1.0
1970,drawn,1970,-,1970,1.0
1970,South Africa,1970,323 runs,1970,4.0
1970,South Africa,1970,307 runs,1970,4.0
1970,South Africa,1970,inns & 129 runs,1970,2.0
1970,South Africa,1970,170 runs,1970,5.0
1971,India,1971,4 wickets,1970,7.0
1971,drawn,1971,-,1970,1.0
1971,drawn,1971,-,1970,1.0
1971,England,1971,25 runs,1970,8.0
1971,drawn,1971,-,1970,1.0
1971,drawn,1971,-,1970,1.0
1971,drawn,1971,-,1970,1.0
1971,drawn,1971,-,1970,1.0
1971,drawn,1971,-,1970,1.0
1971,India,1971,7 wickets,1970,5.0
1971,drawn,1971,-,1970,1.0
1971,England,1971,8 wickets,1970,5.0
1971,drawn,1971,-,1970,1.0
1971,England,1971,62 runs,1970,7.0
1971,drawn,1971,-,1970,1.0
1971,drawn,1971,-,1970,1.0
1971,England,1971,299 runs,1970,4.0
1972,India,1972,28 runs,1970,8.0
1972,Australia,1972,92 runs,1970,7.0
1972,Australia,1972,inns & 114 runs,1970,2.0
1972,England,1972,6 wickets,1970,6.0
1972,Australia,1972,5 wickets,1970,6.0
1972,England,1972,9 wickets,1970,4.0
1972,drawn,1972,-,1970,1.0
1972,Australia,1972,8 wickets,1970,5.0
1972,England,1972,89 runs,1970,7.0
1972,drawn,1972,-,1970,1.0
1972,drawn,1972,-,1970,1.0
1972,drawn,1972,-,1970,1.0
1972,drawn,1972,-,1970,1.0
1972,drawn,1972,-,1970,1.0
1973,Australia,1973,inns & 25 runs,1970,2.0
1973,West Indies,1973,inns & 226 runs,1970,2.0
1973,drawn,1973,-,1970,1.0
1973,West Indies,1973,158 runs,1970,5.0
1973,England,1973,inns & 1 run,1970,2.0
1973,drawn,1973,-,1970,1.0
1973,England,1973,38 runs,1970,8.0
1973,drawn,1973,-,1970,1.0
1973,Australia,1973,10 wickets,1970,4.0
1973,drawn,1973,-,1970,1.0
1973,Australia,1973,44 runs,1970,8.0
1973,drawn,1973,-,1970,1.0
1973,drawn,1973,-,1970,1.0
1973,drawn,1973,-,1970,1.0
1973,drawn,1973,-,1970,1.0
1973,drawn,1973,-,1970,1.0
1973,Pakistan,1973,inns & 166 runs,1970,2.0
1973,drawn,1973,-,1970,1.0
1973,drawn,1973,-,1970,1.0
1973,drawn,1973,-,1970,1.0
1973,India,1973,4 wickets,1970,7.0
1973,Australia,1973,52 runs,1970,7.0
1974,India,1974,85 runs,1970,7.0
1974,drawn,1974,-,1970,1.0
1974,Australia,1974,9 wickets,1970,4.0
1974,West Indies,1974,inns & 17 runs,1970,2.0
1974,Australia,1974,166 runs,1970,5.0
1974,West Indies,1974,267 runs,1970,4.0
1974,drawn,1974,-,1970,1.0
1974,drawn,1974,-,1970,1.0
1974,drawn,1974,-,1970,1.0
1974,England,1974,inns & 78 runs,1970,2.0
1974,England,1974,inns & 285 runs,1970,2.0
1974,England,1974,113 runs,1970,6.0
1974,England,1974,26 runs,1970,8.0
1974,drawn,1974,-,1970,1.0
1974,Australia,1974,297 runs,1970,4.0
1974,New Zealand,1974,5 wickets,1970,6.0
1974,drawn,1974,-,1970,1.0
1974,drawn,1974,-,1970,1.0
1974,drawn,1974,-,1970,1.0
1974,West Indies,1974,7 wickets,1970,5.0
1974,Australia,1974,inns & 57 runs,1970,2.0
1974,drawn,1974,-,1970,1.0
1975,Australia,1975,8 wickets,1970,5.0
1975,West Indies,1975,inns & 87 runs,1970,2.0
1975,Australia,1975,8 wickets,1970,5.0
1975,drawn,1975,-,1970,1.0
1975,drawn,1975,-,1970,1.0
1975,drawn,1975,-,1970,1.0
1975,Australia,1975,inns & 85 runs,1970,2.0
1975,drawn,1975,-,1970,1.0
1975,drawn,1975,-,1970,1.0
1975,England,1975,inns & 83 runs,1970,2.0
1975,drawn,1975,-,1970,1.0
1975,England,1975,inns & 4 runs,1970,2.0
1975,Australia,1975,163 runs,1970,5.0
1975,West Indies,1975,201 runs,1970,4.0
1975,India,1975,100 runs,1970,6.0
1975,Australia,1975,171 runs,1970,5.0
1976,drawn,1976,-,1970,1.0
1976,England,1976,inns & 25 runs,1970,2.0
1976,India,1976,216 runs,1970,4.0
1976,drawn,1976,-,1970,1.0
1976,India,1976,162 runs,1970,5.0
1976,drawn,1976,-,1970,1.0
1976,Pakistan,1976,10 wickets,1970,4.0
1976,Pakistan,1976,6 wickets,1970,6.0
1976,West Indies,1976,231 runs,1970,4.0
1976,West Indies,1976,55 runs,1970,7.0
1976,West Indies,1976,425 runs,1970,4.0
1976,drawn,1976,-,1970,1.0
1976,drawn,1976,-,1970,1.0
1976,West Indies,1976,10 wickets,1970,4.0
1976,India,1976,6 wickets,1970,6.0
1976,drawn,1976,-,1970,1.0
1976,West Indies,1976,inns & 97 runs,1970,2.0
1976,New Zealand,1976,inns & 33 runs,1970,2.0
1976,drawn,1976,-,1970,1.0
1976,Australia,1976,165 runs,1970,5.0
1976,India,1976,8 wickets,1970,5.0
1976,Australia,1976,190 runs,1970,5.0
1976,Australia,1976,7 wickets,1970,5.0
1977,India,1977,222 runs,1970,4.0
1977,Australia,1977,2 wickets,1970,8.0
1977,drawn,1977,-,1970,1.0
1977,Australia,1977,16 runs,1970,9.0
1977,drawn,1977,-,1970,1.0
1977,England,1977,inns & 85 runs,1970,2.0
1977,England,1977,7 wickets,1970,5.0
1977,England,1977,9 wickets,1970,4.0
1977,drawn,1977,-,1970,1.0
1977,West Indies,1977,140 runs,1970,6.0
1977,Pakistan,1977,266 runs,1970,4.0
1977,drawn,1977,-,1970,1.0
1977,Australia,1977,45 runs,1970,8.0
1977,West Indies,1977,6 wickets,1970,6.0
1977,Australia,1977,10 wickets,1970,4.0
1977,drawn,1977,-,1970,1.0
1977,drawn,1977,-,1970,1.0
1977,drawn,1977,-,1970,1.0
1977,India,1977,140 runs,1970,6.0
1977,England,1977,200 runs,1970,4.0
1977,Pakistan,1977,8 wickets,1970,5.0
1977,England,1977,10 wickets,1970,4.0
1977,Australia,1977,348 runs,1970,4.0
1978,drawn,1978,-,1970,1.0
1978,Australia,1978,103 runs,1970,6.0
1978,drawn,1978,-,1970,1.0
1978,England,1978,166 runs,1970,5.0
1978,drawn,1978,-,1970,1.0
1978,England,1978,7 wickets,1970,5.0
1978,Pakistan,1978,8 wickets,1970,5.0
1978,Pakistan,1978,8 wickets,1970,5.0
1978,drawn,1978,-,1970,1.0
1978,England,1978,7 wickets,1970,5.0
1978,England,1978,inns & 119 runs,1970,2.0
1978,England,1978,7 wickets,1970,5.0
1978,drawn,1978,-,1970,1.0
1978,England,1978,inns & 120 runs,1970,2.0
1978,England,1978,inns & 57 runs,1970,2.0
1978,drawn,1978,-,1970,1.0
1978,West Indies,1978,198 runs,1970,5.0
1978,Australia,1978,3 wickets,1970,7.0
1978,West Indies,1978,9 wickets,1970,4.0
1978,drawn,1978,-,1970,1.0
1978,West Indies,1978,inns & 106 runs,1970,2.0
1978,England,1978,174 runs,1970,5.0
1978,New Zealand,1978,72 runs,1970,7.0
1978,Australia,1978,47 runs,1970,8.0
1978,drawn,1978,-,1970,1.0
1978,India,1978,inns & 2 runs,1970,2.0
1978,drawn,1978,-,1970,1.0
1979,West Indies,1979,10 wickets,1970,4.0
1979,drawn,1979,-,1970,1.0
1979,India,1979,131 runs,1970,6.0
1979,Australia,1979,138 runs,1970,6.0
1979,drawn,1979,-,1970,1.0
1979,drawn,1979,-,1970,1.0
1979,drawn,1979,-,1970,1.0
1979,India,1979,inns & 100 runs,1970,2.0
1979,drawn,1979,-,1970,1.0
1979,drawn,1979,-,1970,1.0
1979,India,1979,153 runs,1970,5.0
1979,drawn,1979,-,1970,1.0
1979,drawn,1979,-,1970,1.0
1979,drawn,1979,-,1970,1.0
1979,drawn,1979,-,1970,1.0
1979,drawn,1979,-,1970,1.0
1979,England,1979,inns & 83 runs,1970,2.0
1979,Australia,1979,7 wickets,1970,5.0
1979,Pakistan,1979,71 runs,1970,7.0
1979,drawn,1979,-,1970,1.0
1979,drawn,1979,-,1970,1.0
1979,England,1979,9 wickets,1970,4.0
1979,drawn,1979,-,1970,1.0
1979,Pakistan,1979,128 runs,1970,6.0
1979,England,1979,205 runs,1970,4.0
1979,drawn,1979,-,1970,1.0
1979,India,1979,3 wickets,1970,7.0
1979,England,1979,93 runs,1970,7.0
1980,drawn,1980,-,1980,1.0
1980,drawn,1980,-,1980,1.0
1980,drawn,1980,-,1980,1.0
1980,Australia,1980,8 wickets,1980,5.0
1980,West Indies,1980,156 runs,1980,5.0
1980,Australia,1980,10 wickets,1980,4.0
1980,drawn,1980,-,1980,1.0
1980,drawn,1980,-,1980,1.0
1980,drawn,1980,-,1980,1.0
1980,drawn,1980,-,1980,1.0
1980,drawn,1980,-,1980,1.0
1980,drawn,1980,-,1980,1.0
1980,West Indies,1980,2 wickets,1980,8.0
1980,drawn,1980,-,1980,1.0
1980,drawn,1980,-,1980,1.0
1980,drawn,1980,-,1980,1.0
1980,Pakistan,1980,7 wickets,1980,5.0
1980,drawn,1980,-,1980,1.0
1980,England,1980,10 wickets,1980,4.0
1980,New Zealand,1980,1 wicket,1980,9.0
1980,Australia,1980,8 wickets,1980,5.0
1980,drawn,1980,-,1980,1.0
1980,West Indies,1980,408 runs,1980,4.0
1980,India,1980,10 wickets,1980,4.0
1980,Australia,1980,6 wickets,1980,6.0
1981,Australia,1981,58 runs,1980,7.0
1981,drawn,1981,-,1980,1.0
1981,Pakistan,1981,inns & 82 runs,1980,2.0
1981,drawn,1981,-,1980,1.0
1981,India,1981,138 runs,1980,6.0
1981,Australia,1981,10 wickets,1980,4.0
1981,Australia,1981,286 runs,1980,4.0
1981,drawn,1981,-,1980,1.0
1981,England,1981,103 runs,1980,6.0
1981,England,1981,29 runs,1980,8.0
1981,England,1981,18 runs,1980,9.0
1981,drawn,1981,-,1980,1.0
1981,Australia,1981,4 wickets,1980,7.0
1981,drawn,1981,-,1980,1.0
1981,drawn,1981,-,1980,1.0
1981,West Indies,1981,298 runs,1980,4.0
1981,drawn,1981,-,1980,1.0
1981,drawn,1981,-,1980,1.0
1981,New Zealand,1981,62 runs,1980,7.0
1981,West Indies,1981,inns & 79 runs,1980,2.0
1981,India,1981,59 runs,1980,7.0
1981,drawn,1981,-,1980,1.0
1981,Australia,1981,inns & 4 runs,1980,2.0
1982,England,1982,3 runs,1980,9.0
1982,Pakistan,1982,inns & 86 runs,1980,2.0
1982,drawn,1982,-,1980,1.0
1982,Australia,1982,8 wickets,1980,5.0
1982,Australia,1982,7 wickets,1980,5.0
1982,drawn,1982,-,1980,1.0
1982,Pakistan,1982,9 wickets,1980,4.0
1982,Pakistan,1982,inns & 3 runs,1980,2.0
1982,Pakistan,1982,9 wickets,1980,4.0
1982,drawn,1982,-,1980,1.0
1982,England,1982,3 wickets,1980,7.0
1982,Pakistan,1982,10 wickets,1980,4.0
1982,England,1982,113 runs,1980,6.0
1982,drawn,1982,-,1980,1.0
1982,drawn,1982,-,1980,1.0
1982,England,1982,7 wickets,1980,5.0
1982,Pakistan,1982,inns & 102 runs,1980,2.0
1982,Australia,1982,8 wickets,1980,5.0
1982,drawn,1982,-,1980,1.0
1982,New Zealand,1982,5 wickets,1980,6.0
1982,Pakistan,1982,204 runs,1980,4.0
1982,drawn,1982,-,1980,1.0
1982,England,1982,7 wickets,1980,5.0
1982,drawn,1982,-,1980,1.0
1982,West Indies,1982,5 wickets,1980,6.0
1982,drawn,1982,-,1980,1.0
1982,drawn,1982,-,1980,1.0
1982,drawn,1982,-,1980,1.0
1983,drawn,1983,-,1980,1.0
1983,drawn,1983,-,1980,1.0
1983,West Indies,1983,inns & 46 runs,1980,2.0
1983,drawn,1983,-,1980,1.0
1983,drawn,1983,-,1980,1.0
1983,drawn,1983,-,1980,1.0
1983,West Indies,1983,138 runs,1980,6.0
1983,Australia,1983,inns & 9 runs,1980,2.0
1983,drawn,1983,-,1980,1.0
1983,West Indies,1983,inns & 83 runs,1980,2.0
1983,drawn,1983,-,1980,1.0
1983,drawn,1983,-,1980,1.0
1983,drawn,1983,-,1980,1.0
1983,England,1983,165 runs,1980,5.0
1983,England,1983,127 runs,1980,6.0
1983,New Zealand,1983,5 wickets,1980,6.0
1983,England,1983,189 runs,1980,5.0
1983,drawn,1983,-,1980,1.0
1983,Australia,1983,inns & 38 runs,1980,2.0
1983,West Indies,1983,10 wickets,1980,4.0
1983,drawn,1983,-,1980,1.0
1983,drawn,1983,-,1980,1.0
1983,New Zealand,1983,6 wickets,1980,6.0
1983,New Zealand,1983,inns & 25 runs,1980,2.0
1983,West Indies,1983,4 wickets,1980,7.0
1983,drawn,1983,-,1980,1.0
1983,drawn,1983,-,1980,1.0
1983,Pakistan,1983,inns & 119 runs,1980,2.0
1983,Pakistan,1983,10 wickets,1980,4.0
1983,drawn,1983,-,1980,1.0
1984,drawn,1984,-,1980,1.0
1984,Australia,1984,inns & 55 runs,1980,2.0
1984,drawn,1984,-,1980,1.0
1984,England,1984,8 wickets,1980,5.0
1984,drawn,1984,-,1980,1.0
1984,West Indies,1984,191 runs,1980,5.0
1984,India,1984,8 wickets,1980,5.0
1984,Pakistan,1984,7 wickets,1980,5.0
1984,West Indies,1984,8 wickets,1980,5.0
1984,Pakistan,1984,6 wickets,1980,6.0
1984,West Indies,1984,inns & 112 runs,1980,2.0
1984,drawn,1984,-,1980,1.0
1984,drawn,1984,-,1980,1.0
1984,drawn,1984,-,1980,1.0
1984,West Indies,1984,172 runs,1980,5.0
1984,West Indies,1984,inns & 64 runs,1980,2.0
1984,West Indies,1984,8 wickets,1980,5.0
1984,West Indies,1984,9 wickets,1980,4.0
1984,West Indies,1984,inns & 180 runs,1980,2.0
1984,West Indies,1984,10 wickets,1980,4.0
1984,West Indies,1984,inns & 36 runs,1980,2.0
1984,West Indies,1984,10 wickets,1980,4.0
1984,New Zealand,1984,inns & 61 runs,1980,2.0
1984,drawn,1984,-,1980,1.0
1984,drawn,1984,-,1980,1.0
1984,drawn,1984,-,1980,1.0
1984,drawn,1984,-,1980,1.0
1984,New Zealand,1984,165 runs,1980,5.0
1984,drawn,1984,-,1980,1.0
1984,Pakistan,1984,3 wickets,1980,7.0
1984,drawn,1984,-,1980,1.0
1984,New Zealand,1984,inns & 132 runs,1980,2.0
1984,drawn,1984,-,1980,1.0
1984,Australia,1984,10 wickets,1980,4.0
1985,drawn,1985,-,1980,1.0
1985,drawn,1985,-,1980,1.0
1985,New Zealand,1985,6 wickets,1980,6.0
1985,Australia,1985,4 wickets,1980,7.0
1985,New Zealand,1985,inns & 41 runs,1980,2.0
1985,Pakistan,1985,10 wickets,1980,4.0
1985,Pakistan,1985,8 wickets,1980,5.0
1985,drawn,1985,-,1980,1.0
1985,drawn,1985,-,1980,1.0
1985,Sri Lanka,1985,149 runs,1980,6.0
1985,drawn,1985,-,1980,1.0
1985,England,1985,inns & 94 runs,1980,2.0
1985,England,1985,inns & 118 runs,1980,2.0
1985,drawn,1985,-,1980,1.0
1985,drawn,1985,-,1980,1.0
1985,Australia,1985,4 wickets,1980,7.0
1985,England,1985,5 wickets,1980,6.0
1985,West Indies,1985,10 wickets,1980,4.0
1985,West Indies,1985,10 wickets,1980,4.0
1985,drawn,1985,-,1980,1.0
1985,drawn,1985,-,1980,1.0
1985,New Zealand,1985,2 wickets,1980,8.0
1985,drawn,1985,-,1980,1.0
1985,New Zealand,1985,inns & 99 runs,1980,2.0
1985,drawn,1985,-,1980,1.0
1985,England,1985,9 wickets,1980,4.0
1986,India,1986,inns & 106 runs,1980,2.0
1986,England,1986,inns & 14 runs,1980,2.0
1986,drawn,1986,-,1980,1.0
1986,drawn,1986,-,1980,1.0
1986,drawn,1986,-,1980,1.0
1986,drawn,1986,-,1980,1.0
1986,England,1986,7 wickets,1980,5.0
1986,West Indies,1986,inns & 10 runs,1980,2.0
1986,Pakistan,1986,186 runs,1980,5.0
1986,drawn,1986,-,1980,1.0
1986,drawn,1986,-,1980,1.0
1986,tied,1986,-,1980,10.0
1986,drawn,1986,-,1980,1.0
1986,New Zealand,1986,8 wickets,1980,5.0
1986,drawn,1986,-,1980,1.0
1986,drawn,1986,-,1980,1.0
1986,India,1986,279 runs,1980,4.0
1986,India,1986,5 wickets,1980,6.0
1986,West Indies,1986,240 runs,1980,4.0
1986,West Indies,1986,10 wickets,1980,4.0
1986,drawn,1986,-,1980,1.0
1986,West Indies,1986,inns & 30 runs,1980,2.0
1986,Sri Lanka,1986,8 wickets,1980,5.0
1986,New Zealand,1986,8 wickets,1980,5.0
1986,West Indies,1986,7 wickets,1980,5.0
1986,drawn,1986,-,1980,1.0
1986,Pakistan,1986,inns & 20 runs,1980,2.0
1986,West Indies,1986,10 wickets,1980,4.0
1986,drawn,1986,-,1980,1.0
1986,drawn,1986,-,1980,1.0
1987,drawn,1987,-,1980,1.0
1987,drawn,1987,-,1980,1.0
1987,drawn,1987,-,1980,1.0
1987,drawn,1987,-,1980,1.0
1987,drawn,1987,-,1980,1.0
1987,drawn,1987,-,1980,1.0
1987,Australia,1987,9 wickets,1980,4.0
1987,Pakistan,1987,inns & 87 runs,1980,2.0
1987,West Indies,1987,5 wickets,1980,6.0
1987,drawn,1987,-,1980,1.0
1987,drawn,1987,-,1980,1.0
1987,Pakistan,1987,inns & 18 runs,1980,2.0
1987,drawn,1987,-,1980,1.0
1987,drawn,1987,-,1980,1.0
1987,drawn,1987,-,1980,1.0
1987,Pakistan,1987,16 runs,1980,9.0
1987,New Zealand,1987,5 wickets,1980,6.0
1987,drawn,1987,-,1980,1.0
1987,West Indies,1987,10 wickets,1980,4.0
1987,drawn,1987,-,1980,1.0
1987,drawn,1987,-,1980,1.0
1987,drawn,1987,-,1980,1.0
1987,drawn,1987,-,1980,1.0
1987,Australia,1987,55 runs,1980,7.0
1987,India,1987,inns & 67 runs,1980,2.0
1988,West Indies,1988,285 runs,1980,4.0
1988,India,1988,10 wickets,1980,4.0
1988,West Indies,1988,169 runs,1980,5.0
1988,New Zealand,1988,136 runs,1980,6.0
1988,West Indies,1988,9 wickets,1980,4.0
1988,India,1988,172 runs,1980,5.0
1988,drawn,1988,-,1980,1.0
1988,drawn,1988,-,1980,1.0
1988,Pakistan,1988,inns & 188 runs,1980,2.0
1988,England,1988,7 wickets,1980,5.0
1988,West Indies,1988,8 wickets,1980,5.0
1988,West Indies,1988,10 wickets,1980,4.0
1988,West Indies,1988,inns & 156 runs,1980,2.0
1988,West Indies,1988,134 runs,1980,6.0
1988,drawn,1988,-,1980,1.0
1988,West Indies,1988,2 wickets,1980,8.0
1988,drawn,1988,-,1980,1.0
1988,Pakistan,1988,9 wickets,1980,4.0
1988,drawn,1988,-,1980,1.0
1988,drawn,1988,-,1980,1.0
1988,Australia,1988,inns & 108 runs,1980,2.0
1988,drawn,1988,-,1980,1.0
1988,drawn,1988,-,1980,1.0
1988,India,1988,255 runs,1980,4.0
1989,Australia,1989,173 runs,1980,5.0
1989,drawn,1989,-,1980,1.0
1989,drawn,1989,-,1980,1.0
1989,drawn,1989,-,1980,1.0
1989,drawn,1989,-,1980,1.0
1989,drawn,1989,-,1980,1.0
1989,drawn,1989,-,1980,1.0
1989,drawn,1989,-,1980,1.0
1989,Australia,1989,inns & 180 runs,1980,2.0
1989,Australia,1989,9 wickets,1980,4.0
1989,drawn,1989,-,1980,1.0
1989,Australia,1989,6 wickets,1980,6.0
1989,Australia,1989,210 runs,1980,4.0
1989,West Indies,1989,7 wickets,1980,5.0
1989,West Indies,1989,217 runs,1980,4.0
1989,West Indies,1989,8 wickets,1980,5.0
1989,drawn,1989,-,1980,1.0
1989,drawn,1989,-,1980,1.0
1989,drawn,1989,-,1980,1.0
1989,drawn,1989,-,1980,1.0
1989,Australia,1989,7 wickets,1980,5.0
1990,Australia,1990,8 wickets,1990,5.0
1990,drawn,1990,-,1990,1.0
1990,West Indies,1990,7 wickets,1990,5.0
1990,India,1990,inns & 8 runs,1990,2.0
1990,Australia,1990,10 wickets,1990,4.0
1990,Pakistan,1990,8 wickets,1990,5.0
1990,Pakistan,1990,65 runs,1990,7.0
1990,Pakistan,1990,9 wickets,1990,4.0
1990,Pakistan,1990,inns & 43 runs,1990,2.0
1990,drawn,1990,-,1990,1.0
1990,drawn,1990,-,1990,1.0
1990,England,1990,247 runs,1990,4.0
1990,England,1990,114 runs,1990,6.0
1990,drawn,1990,-,1990,1.0
1990,drawn,1990,-,1990,1.0
1990,West Indies,1990,inns & 32 runs,1990,2.0
1990,West Indies,1990,164 runs,1990,5.0
1990,drawn,1990,-,1990,1.0
1990,New Zealand,1990,9 wickets,1990,4.0
1990,England,1990,9 wickets,1990,4.0
1990,drawn,1990,-,1990,1.0
1990,drawn,1990,-,1990,1.0
1990,drawn,1990,-,1990,1.0
1990,New Zealand,1990,10 wickets,1990,4.0
1990,drawn,1990,-,1990,1.0
1990,Australia,1990,92 runs,1990,7.0
1991,Australia,1991,8 wickets,1990,5.0
1991,drawn,1991,-,1990,1.0
1991,drawn,1991,-,1990,1.0
1991,Australia,1991,10 wickets,1990,4.0
1991,England,1991,137 runs,1990,6.0
1991,England,1991,5 wickets,1990,6.0
1991,West Indies,1991,7 wickets,1990,5.0
1991,West Indies,1991,9 wickets,1990,4.0
1991,drawn,1991,-,1990,1.0
1991,England,1991,115 runs,1990,6.0
1991,Australia,1991,157 runs,1990,5.0
1991,West Indies,1991,343 runs,1990,4.0
1991,drawn,1991,-,1990,1.0
1991,West Indies,1991,10 wickets,1990,4.0
1991,drawn,1991,-,1990,1.0
1991,drawn,1991,-,1990,1.0
1991,drawn,1991,-,1990,1.0
1991,Australia,1991,9 wickets,1990,4.0
1991,drawn,1991,-,1990,1.0
1991,drawn,1991,-,1990,1.0
1991,drawn,1991,-,1990,1.0
1992,South Africa,1992,9 wickets,1990,4.0
1992,Australia,1992,139 runs,1990,6.0
1992,Sri Lanka,1992,9 wickets,1990,4.0
1992,drawn,1992,-,1990,1.0
1992,drawn,1992,-,1990,1.0
1992,drawn,1992,-,1990,1.0
1992,drawn,1992,-,1990,1.0
1992,New Zealand,1992,177 runs,1990,5.0
1992,drawn,1992,-,1990,1.0
1992,drawn,1992,-,1990,1.0
1992,drawn,1992,-,1990,1.0
1992,drawn,1992,-,1990,1.0
1992,Australia,1992,16 runs,1990,9.0
1992,Pakistan,1992,10 wickets,1990,4.0
1992,England,1992,6 wickets,1990,6.0
1992,drawn,1992,-,1990,1.0
1992,Pakistan,1992,2 wickets,1990,8.0
1992,drawn,1992,-,1990,1.0
1992,West Indies,1992,52 runs,1990,7.0
1992,drawn,1992,-,1990,1.0
1992,Australia,1992,300 runs,1990,4.0
1992,England,1992,168 runs,1990,5.0
1992,Australia,1992,38 runs,1990,8.0
1992,England,1992,inns & 4 runs,1990,2.0
1992,Pakistan,1992,3 wickets,1990,7.0
1992,drawn,1992,-,1990,1.0
1993,drawn,1993,-,1990,1.0
1993,drawn,1993,-,1990,1.0
1993,Pakistan,1993,52 runs,1990,7.0
1993,drawn,1993,-,1990,1.0
1993,Australia,1993,inns & 96 runs,1990,2.0
1993,Pakistan,1993,131 runs,1990,6.0
1993,Australia,1993,inns & 222 runs,1990,2.0
1993,drawn,1993,-,1990,1.0
1993,drawn,1993,-,1990,1.0
1993,South Africa,1993,inns & 208 runs,1990,2.0
1993,drawn,1993,-,1990,1.0
1993,England,1993,161 runs,1990,5.0
1993,Australia,1993,8 wickets,1990,5.0
1993,drawn,1993,-,1990,1.0
1993,India,1993,235 runs,1990,4.0
1993,Australia,1993,inns & 148 runs,1990,2.0
1993,drawn,1993,-,1990,1.0
1993,drawn,1993,-,1990,1.0
1993,Australia,1993,inns & 62 runs,1990,2.0
1993,Australia,1993,179 runs,1990,5.0
1993,drawn,1993,-,1990,1.0
1993,West Indies,1993,10 wickets,1990,4.0
1993,West Indies,1993,204 runs,1990,4.0
1993,Sri Lanka,1993,5 wickets,1990,6.0
1993,India,1993,inns & 13 runs,1990,2.0
1993,New Zealand,1993,5 wickets,1990,6.0
1993,drawn,1993,-,1990,1.0
1993,Australia,1993,inns & 60 runs,1990,2.0
1993,India,1993,inns & 15 runs,1990,2.0
1993,India,1993,inns & 22 runs,1990,2.0
1993,West Indies,1993,inns & 25 runs,1990,2.0
1993,India,1993,8 wickets,1990,5.0
1993,West Indies,1993,1 run,1990,9.0
1993,drawn,1993,-,1990,1.0
1993,drawn,1993,-,1990,1.0
1993,Pakistan,1993,33 runs,1990,8.0
1994,South Africa,1994,8 wickets,1990,5.0
1994,Australia,1994,295 runs,1990,4.0
1994,West Indies,1994,243 runs,1990,4.0
1994,drawn,1994,-,1990,1.0
1994,New Zealand,1994,137 runs,1990,6.0
1994,Australia,1994,184 runs,1990,5.0
1994,India,1994,96 runs,1990,7.0
1994,drawn,1994,-,1990,1.0
1994,drawn,1994,-,1990,1.0
1994,drawn,1994,-,1990,1.0
1994,drawn,1994,-,1990,1.0
1994,drawn,1994,-,1990,1.0
1994,Pakistan,1994,1 wicket,1990,9.0
1994,Pakistan,1994,inns & 52 runs,1990,2.0
1994,England,1994,8 wickets,1990,5.0
1994,Pakistan,1994,301 runs,1990,4.0
1994,drawn,1994,-,1990,1.0
1994,South Africa,1994,356 runs,1990,4.0
1994,drawn,1994,-,1990,1.0
1994,drawn,1994,-,1990,1.0
1994,England,1994,inns & 90 runs,1990,2.0
1994,drawn,1994,-,1990,1.0
1994,England,1994,208 runs,1990,4.0
1994,West Indies,1994,147 runs,1990,6.0
1994,drawn,1994,-,1990,1.0
1994,drawn,1994,-,1990,1.0
1994,West Indies,1994,inns & 44 runs,1990,2.0
1994,Australia,1994,9 wickets,1990,4.0
1994,South Africa,1994,197 runs,1990,5.0
1994,New Zealand,1994,5 wickets,1990,6.0
1994,West Indies,1994,8 wickets,1990,5.0
1994,Pakistan,1994,inns & 12 runs,1990,2.0
1994,Pakistan,1994,5 wickets,1990,6.0
1994,India,1994,inns & 17 runs,1990,2.0
1994,Australia,1994,191 runs,1990,5.0
1994,India,1994,inns & 95 runs,1990,2.0
1994,India,1994,inns & 119 runs,1990,2.0
1994,South Africa,1994,5 runs,1990,9.0
1995,drawn,1995,-,1990,1.0
1995,Australia,1995,10 wickets,1990,4.0
1995,drawn,1995,-,1990,1.0
1995,Australia,1995,inns & 36 runs,1990,2.0
1995,Pakistan,1995,161 runs,1990,5.0
1995,drawn,1995,-,1990,1.0
1995,Pakistan,1995,74 runs,1990,7.0
1995,Australia,1995,155 runs,1990,5.0
1995,drawn,1995,-,1990,1.0
1995,Australia,1995,inns & 126 runs,1990,2.0
1995,drawn,1995,-,1990,1.0
1995,drawn,1995,-,1990,1.0
1995,India,1995,8 wickets,1990,5.0
1995,South Africa,1995,7 wickets,1990,5.0
1995,Sri Lanka,1995,144 runs,1990,6.0
1995,Sri Lanka,1995,42 runs,1990,8.0
1995,Pakistan,1995,inns & 40 runs,1990,2.0
1995,drawn,1995,-,1990,1.0
1995,drawn,1995,-,1990,1.0
1995,England,1995,6 wickets,1990,6.0
1995,West Indies,1995,inns & 64 runs,1990,2.0
1995,England,1995,72 runs,1990,7.0
1995,West Indies,1995,9 wickets,1990,4.0
1995,Australia,1995,inns & 53 runs,1990,2.0
1995,West Indies,1995,9 wickets,1990,4.0
1995,drawn,1995,-,1990,1.0
1995,Australia,1995,10 wickets,1990,4.0
1995,drawn,1995,-,1990,1.0
1995,Sri Lanka,1995,241 runs,1990,4.0
1995,South Africa,1995,93 runs,1990,7.0
1995,Pakistan,1995,99 runs,1990,7.0
1995,West Indies,1995,inns & 322 runs,1990,2.0
1995,Pakistan,1995,8 wickets,1990,5.0
1995,Australia,1995,329 runs,1990,4.0
1995,drawn,1995,-,1990,1.0
1995,Zimbabwe,1995,inns & 64 runs,1990,2.0
1995,England,1995,106 runs,1990,6.0
1995,South Africa,1995,324 runs,1990,4.0
1995,South Africa,1995,7 wickets,1990,5.0
1995,drawn,1995,-,1990,1.0
1996,South Africa,1996,328 runs,1990,4.0
1996,drawn,1996,-,1990,1.0
1996,West Indies,1996,6 wickets,1990,6.0
1996,drawn,1996,-,1990,1.0
1996,India,1996,280 runs,1990,4.0
1996,Australia,1996,124 runs,1990,6.0
1996,Pakistan,1996,inns & 13 runs,1990,2.0
1996,South Africa,1996,329 runs,1990,4.0
1996,Australia,1996,123 runs,1990,6.0
1996,New Zealand,1996,44 runs,1990,8.0
1996,India,1996,64 runs,1990,7.0
1996,Pakistan,1996,10 wickets,1990,4.0
1996,drawn,1996,-,1990,1.0
1996,India,1996,7 wickets,1990,5.0
1996,Sri Lanka,1996,10 wickets,1990,4.0
1996,Sri Lanka,1996,inns & 77 runs,1990,2.0
1996,Pakistan,1996,9 wickets,1990,4.0
1996,drawn,1996,-,1990,1.0
1996,Pakistan,1996,164 runs,1990,5.0
1996,drawn,1996,-,1990,1.0
1996,drawn,1996,-,1990,1.0
1996,England,1996,8 wickets,1990,5.0
1996,drawn,1996,-,1990,1.0
1996,West Indies,1996,10 wickets,1990,4.0
1996,Australia,1996,148 runs,1990,6.0
1996,drawn,1996,-,1990,1.0
1996,drawn,1996,-,1990,1.0
1996,South Africa,1996,10 wickets,1990,4.0
1997,drawn,1997,-,1990,1.0
1997,Pakistan,1997,10 wickets,1990,4.0
1997,drawn,1997,-,1990,1.0
1997,Pakistan,1997,inns & 29 runs,1990,2.0
1997,drawn,1997,-,1990,1.0
1997,drawn,1997,-,1990,1.0
1997,Australia,1997,inns & 70 runs,1990,2.0
1997,drawn,1997,-,1990,1.0
1997,Pakistan,1997,inns & 19 runs,1990,2.0
1997,Australia,1997,186 runs,1990,5.0
1997,South Africa,1997,53 runs,1990,7.0
1997,drawn,1997,-,1990,1.0
1997,drawn,1997,-,1990,1.0
1997,drawn,1997,-,1990,1.0
1997,drawn,1997,-,1990,1.0
1997,England,1997,19 runs,1990,9.0
1997,drawn,1997,-,1990,1.0
1997,Australia,1997,264 runs,1990,4.0
1997,drawn,1997,-,1990,1.0
1997,Australia,1997,inns & 61 runs,1990,2.0
1997,Australia,1997,268 runs,1990,4.0
1997,drawn,1997,-,1990,1.0
1997,drawn,1997,-,1990,1.0
1997,West Indies,1997,6 wickets,1990,6.0
1997,England,1997,9 wickets,1990,4.0
1997,drawn,1997,-,1990,1.0
1997,drawn,1997,-,1990,1.0
1997,drawn,1997,-,1990,1.0
1997,drawn,1997,-,1990,1.0
1997,West Indies,1997,38 runs,1990,8.0
1997,South Africa,1997,8 wickets,1990,5.0
1997,drawn,1997,-,1990,1.0
1997,Australia,1997,2 wickets,1990,8.0
1997,New Zealand,1997,120 runs,1990,6.0
1997,New Zealand,1997,inns & 36 runs,1990,2.0
1997,drawn,1997,-,1990,1.0
1997,Australia,1997,inns & 196 runs,1990,2.0
1997,England,1997,4 wickets,1990,7.0
1997,England,1997,inns & 68 runs,1990,2.0
1997,West Indies,1997,10 wickets,1990,4.0
1997,Australia,1997,inns & 183 runs,1990,2.0
1997,drawn,1997,-,1990,1.0
1997,drawn,1997,-,1990,1.0
1997,South Africa,1997,282 runs,1990,4.0
1998,South Africa,1998,9 wickets,1990,4.0
1998,England,1998,12 runs,1990,9.0
1998,New Zealand,1998,4 wickets,1990,7.0
1998,Australia,1998,205 runs,1990,4.0
1998,South Africa,1998,178 runs,1990,5.0
1998,drawn,1998,-,1990,1.0
1998,Australia,1998,7 wickets,1990,5.0
1998,Zimbabwe,1998,7 wickets,1990,5.0
1998,South Africa,1998,4 wickets,1990,7.0
1998,drawn,1998,-,1990,1.0
1998,drawn,1998,-,1990,1.0
1998,drawn,1998,-,1990,1.0
1998,Zimbabwe,1998,61 runs,1990,7.0
1998,Australia,1998,inns & 99 runs,1990,2.0
1998,Sri Lanka,1998,10 wickets,1990,4.0
1998,England,1998,23 runs,1990,9.0
1998,England,1998,8 wickets,1990,5.0
1998,drawn,1998,-,1990,1.0
1998,South Africa,1998,10 wickets,1990,4.0
1998,Sri Lanka,1998,164 runs,1990,5.0
1998,drawn,1998,-,1990,1.0
1998,Sri Lanka,1998,inns & 16 runs,1990,2.0
1998,New Zealand,1998,167 runs,1990,5.0
1998,South Africa,1998,6 wickets,1990,6.0
1998,Australia,1998,8 wickets,1990,5.0
1998,Pakistan,1998,3 wickets,1990,7.0
1998,West Indies,1998,inns & 52 runs,1990,2.0
1998,South Africa,1998,70 runs,1990,7.0
1998,India,1998,inns & 219 runs,1990,2.0
1998,drawn,1998,-,1990,1.0
1998,drawn,1998,-,1990,1.0
1998,South Africa,1998,259 runs,1990,4.0
1998,India,1998,179 runs,1990,5.0
1998,West Indies,1998,242 runs,1990,4.0
1998,Pakistan,1998,29 runs,1990,8.0
1998,New Zealand,1998,inns & 13 runs,1990,2.0
1998,New Zealand,1998,10 wickets,1990,4.0
1998,drawn,1998,-,1990,1.0
1998,England,1998,3 wickets,1990,7.0
1998,West Indies,1998,3 wickets,1990,7.0
1998,drawn,1998,-,1990,1.0
1998,drawn,1998,-,1990,1.0
1998,Sri Lanka,1998,5 wickets,1990,6.0
1998,Sri Lanka,1998,8 wickets,1990,5.0
1998,Australia,1998,inns & 21 runs,1990,2.0
1999,drawn,1999,-,1990,1.0
1999,Australia,1999,180 runs,1990,5.0
1999,New Zealand,1999,inns & 105 runs,1990,2.0
1999,New Zealand,1999,9 wickets,1990,4.0
1999,Australia,1999,285 runs,1990,4.0
1999,drawn,1999,-,1990,1.0
1999,drawn,1999,-,1990,1.0
1999,Sri Lanka,1999,6 wickets,1990,6.0
1999,Australia,1999,inns & 20 runs,1990,2.0
1999,South Africa,1999,inns & 21 runs,1990,2.0
1999,drawn,1999,-,1990,1.0
1999,Australia,1999,4 wickets,1990,7.0
1999,South Africa,1999,inns & 219 runs,1990,2.0
1999,Australia,1999,10 wickets,1990,4.0
1999,South Africa,1999,inns & 13 runs,1990,2.0
1999,drawn,1999,-,1990,1.0
1999,India,1999,8 wickets,1990,5.0
1999,Australia,1999,10 wickets,1990,4.0
1999,drawn,1999,-,1990,1.0
1999,drawn,1999,-,1990,1.0
1999,drawn,1999,-,1990,1.0
1999,Sri Lanka,1999,6 wickets,1990,6.0
1999,New Zealand,1999,83 runs,1990,7.0
1999,drawn,1999,-,1990,1.0
1999,New Zealand,1999,9 wickets,1990,4.0
1999,England,1999,7 wickets,1990,5.0
1999,Australia,1999,176 runs,1990,5.0
1999,West Indies,1999,1 wicket,1990,9.0
1999,South Africa,1999,8 wickets,1990,5.0
1999,West Indies,1999,10 wickets,1990,4.0
1999,Pakistan,1999,inns & 175 runs,1990,2.0
1999,drawn,1999,-,1990,1.0
1999,Australia,1999,312 runs,1990,4.0
1999,drawn,1999,-,1990,1.0
1999,drawn,1999,-,1990,1.0
1999,drawn,1999,-,1990,1.0
1999,Pakistan,1999,46 runs,1990,8.0
1999,India,1999,212 runs,1990,4.0
1999,Pakistan,1999,12 runs,1990,9.0
1999,South Africa,1999,351 runs,1990,4.0
1999,South Africa,1999,149 runs,1990,6.0
1999,Australia,1999,98 runs,1990,7.0
1999,drawn,1999,-,1990,1.0
2000,drawn,2000,-,2000,1.0
2000,Australia,2000,352 runs,2000,4.0
2000,drawn,2000,-,2000,1.0
2000,Australia,2000,5 wickets,2000,6.0
2000,drawn,2000,-,2000,1.0
2000,England,2000,6 wickets,2000,6.0
2000,Australia,2000,inns & 27 runs,2000,2.0
2000,South Africa,2000,7 wickets,2000,5.0
2000,drawn,2000,-,2000,1.0
2000,drawn,2000,-,2000,1.0
2000,Australia,2000,inns & 126 runs,2000,2.0
2000,India,2000,7 wickets,2000,5.0
2000,South Africa,2000,5 wickets,2000,6.0
2000,drawn,2000,-,2000,1.0
2000,India,2000,9 wickets,2000,4.0
2000,New Zealand,2000,8 wickets,2000,5.0
2000,New Zealand,2000,7 wickets,2000,5.0
2000,England,2000,158 runs,2000,5.0
2000,England,2000,inns & 39 runs,2000,2.0
2000,drawn,2000,-,2000,1.0
2000,drawn,2000,-,2000,1.0
2000,South Africa,2000,7 runs,2000,9.0
2000,Sri Lanka,2000,inns & 15 runs,2000,2.0
2000,England,2000,2 wickets,2000,8.0
2000,drawn,2000,-,2000,1.0
2000,Pakistan,2000,inns & 163 runs,2000,2.0
2000,West Indies,2000,inns & 93 runs,2000,2.0
2000,Pakistan,2000,5 wickets,2000,6.0
2000,drawn,2000,-,2000,1.0
2000,West Indies,2000,1 wicket,2000,9.0
2000,drawn,2000,-,2000,1.0
2000,England,2000,inns & 209 runs,2000,2.0
2000,drawn,2000,-,2000,1.0
2000,Australia,2000,6 wickets,2000,6.0
2000,West Indies,2000,10 wickets,2000,4.0
2000,Australia,2000,6 wickets,2000,6.0
2000,West Indies,2000,35 runs,2000,8.0
2000,Pakistan,2000,222 runs,2000,4.0
2000,Australia,2000,62 runs,2000,7.0
2000,Sri Lanka,2000,57 runs,2000,7.0
2000,South Africa,2000,inns & 71 runs,2000,2.0
2000,Sri Lanka,2000,2 wickets,2000,8.0
2000,South Africa,2000,4 wickets,2000,7.0
2000,England,2000,2 wickets,2000,8.0
2000,South Africa,2000,inns & 37 runs,2000,2.0
2000,Australia,2000,inns & 141 runs,2000,2.0
2001,Sri Lanka,2001,inns & 166 runs,2000,2.0
2001,Australia,2001,9 wickets,2000,4.0
2001,New Zealand,2001,inns & 74 runs,2000,2.0
2001,drawn,2001,-,2000,1.0
2001,New Zealand,2001,inns & 52 runs,2000,2.0
2001,Australia,2001,246 runs,2000,4.0
2001,drawn,2001,-,2000,1.0
2001,India,2001,10 wickets,2000,4.0
2001,drawn,2001,-,2000,1.0
2001,Sri Lanka,2001,10 wickets,2000,4.0
2001,drawn,2001,-,2000,1.0
2001,Sri Lanka,2001,131 runs,2000,6.0
2001,drawn,2001,-,2000,1.0
2001,Zimbabwe,2001,8 wickets,2000,5.0
2001,Sri Lanka,2001,10 wickets,2000,4.0
2001,drawn,2001,-,2000,1.0
2001,drawn,2001,-,2000,1.0
2001,South Africa,2001,9 wickets,2000,4.0
2001,drawn,2001,-,2000,1.0
2001,South Africa,2001,9 wickets,2000,4.0
2001,Sri Lanka,2001,inns & 137 runs,2000,2.0
2001,Pakistan,2001,inns & 264 runs,2000,2.0
2001,Sri Lanka,2001,inns & 77 runs,2000,2.0
2001,Australia,2001,inns & 25 runs,2000,2.0
2001,India,2001,7 wickets,2000,5.0
2001,England,2001,6 wickets,2000,6.0
2001,Sri Lanka,2001,10 wickets,2000,4.0
2001,Australia,2001,7 wickets,2000,5.0
2001,drawn,2001,-,2000,1.0
2001,Australia,2001,8 wickets,2000,5.0
2001,West Indies,2001,inns & 176 runs,2000,2.0
2001,Australia,2001,inns & 118 runs,2000,2.0
2001,Zimbabwe,2001,4 wickets,2000,7.0
2001,India,2001,8 wickets,2000,5.0
2001,Pakistan,2001,108 runs,2000,6.0
2001,England,2001,inns & 9 runs,2000,2.0
2001,Zimbabwe,2001,8 wickets,2000,5.0
2001,West Indies,2001,130 runs,2000,6.0
2001,Zimbabwe,2001,inns & 32 runs,2000,2.0
2001,South Africa,2001,82 runs,2000,7.0
2001,drawn,2001,-,2000,1.0
2001,New Zealand,2001,inns & 185 runs,2000,2.0
2001,India,2001,2 wickets,2000,8.0
2001,South Africa,2001,69 runs,2000,7.0
2001,England,2001,4 wickets,2000,7.0
2001,drawn,2001,-,2000,1.0
2001,India,2001,171 runs,2000,5.0
2001,drawn,2001,-,2000,1.0
2001,Pakistan,2001,299 runs,2000,4.0
2001,England,2001,3 wickets,2000,7.0
2001,Australia,2001,10 wickets,2000,4.0
2001,Sri Lanka,2001,inns & 28 runs,2000,2.0
2001,South Africa,2001,inns & 7 runs,2000,2.0
2001,South Africa,2001,inns & 229 runs,2000,2.0
2001,Australia,2001,6 wickets,2000,6.0
2002,South Africa,2002,10 wickets,2000,4.0
2002,Australia,2002,5 wickets,2000,6.0
2002,New Zealand,2002,4 wickets,2000,7.0
2002,West Indies,2002,7 wickets,2000,5.0
2002,New Zealand,2002,10 wickets,2000,4.0
2002,West Indies,2002,inns & 310 runs,2000,2.0
2002,Australia,2002,inns & 48 runs,2000,2.0
2002,Australia,2002,inns & 51 runs,2000,2.0
2002,Pakistan,2002,10 wickets,2000,4.0
2002,South Africa,2002,3 wickets,2000,7.0
2002,Pakistan,2002,119 runs,2000,6.0
2002,South Africa,2002,inns & 64 runs,2000,2.0
2002,Australia,2002,384 runs,2000,4.0
2002,drawn,2002,-,2000,1.0
2002,South Africa,2002,inns & 160 runs,2000,2.0
2002,Australia,2002,inns & 20 runs,2000,2.0
2002,South Africa,2002,inns & 107 runs,2000,2.0
2002,India,2002,8 wickets,2000,5.0
2002,Australia,2002,inns & 198 runs,2000,2.0
2002,India,2002,inns & 112 runs,2000,2.0
2002,Australia,2002,41 runs,2000,8.0
2002,drawn,2002,-,2000,1.0
2002,India,2002,inns & 46 runs,2000,2.0
2002,drawn,2002,-,2000,1.0
2002,Sri Lanka,2002,288 runs,2000,4.0
2002,England,2002,170 runs,2000,5.0
2002,Sri Lanka,2002,inns & 196 runs,2000,2.0
2002,drawn,2002,-,2000,1.0
2002,New Zealand,2002,204 runs,2000,4.0
2002,England,2002,10 wickets,2000,4.0
2002,England,2002,inns & 111 runs,2000,2.0
2002,West Indies,2002,155 runs,2000,5.0
2002,drawn,2002,-,2000,1.0
2002,drawn,2002,-,2000,1.0
2002,West Indies,2002,10 wickets,2000,4.0
2002,Pakistan,2002,inns & 324 runs,2000,2.0
2002,India,2002,37 runs,2000,8.0
2002,drawn,2002,-,2000,1.0
2002,New Zealand,2002,78 runs,2000,7.0
2002,drawn,2002,-,2000,1.0
2002,South Africa,2002,5 wickets,2000,6.0
2002,England,2002,98 runs,2000,7.0
2002,Australia,2002,4 wickets,2000,7.0
2002,Sri Lanka,2002,8 wickets,2000,5.0
2002,India,2002,4 wickets,2000,7.0
2002,Australia,2002,inns & 360 runs,2000,2.0
2002,India,2002,inns & 101 runs,2000,2.0
2002,Pakistan,2002,244 runs,2000,4.0
2002,Pakistan,2002,170 runs,2000,5.0
2002,Pakistan,2002,inns & 169 runs,2000,2.0
2002,Sri Lanka,2002,315 runs,2000,4.0
2002,Pakistan,2002,inns & 178 runs,2000,2.0
2002,Sri Lanka,2002,inns & 94 runs,2000,2.0
2002,Australia,2002,10 wickets,2000,4.0
2003,South Africa,2003,inns & 65 runs,2000,2.0
2003,Australia,2003,9 wickets,2000,4.0
2003,Pakistan,2003,7 wickets,2000,5.0
2003,drawn,2003,-,2000,1.0
2003,Sri Lanka,2003,inns & 215 runs,2000,2.0
2003,South Africa,2003,189 runs,2000,5.0
2003,India,2003,4 wickets,2000,7.0
2003,drawn,2003,-,2000,1.0
2003,drawn,2003,-,2000,1.0
2003,drawn,2003,-,2000,1.0
2003,West Indies,2003,128 runs,2000,6.0
2003,drawn,2003,-,2000,1.0
2003,England,2003,329 runs,2000,4.0
2003,drawn,2003,-,2000,1.0
2003,England,2003,7 wickets,2000,5.0
2003,Pakistan,2003,8 wickets,2000,5.0
2003,Australia,2003,9 wickets,2000,4.0
2003,drawn,2003,-,2000,1.0
2003,Australia,2003,inns & 175 runs,2000,2.0
2003,drawn,2003,-,2000,1.0
2003,England,2003,9 wickets,2000,4.0
2003,Pakistan,2003,1 wicket,2000,9.0
2003,Pakistan,2003,9 wickets,2000,4.0
2003,South Africa,2003,191 runs,2000,5.0
2003,Pakistan,2003,7 wickets,2000,5.0
2003,England,2003,70 runs,2000,7.0
2003,South Africa,2003,inns & 92 runs,2000,2.0
2003,Australia,2003,inns & 98 runs,2000,2.0
2003,drawn,2003,-,2000,1.0
2003,Australia,2003,inns & 132 runs,2000,2.0
2003,West Indies,2003,7 wickets,2000,5.0
2003,drawn,2003,-,2000,1.0
2003,England,2003,inns & 69 runs,2000,2.0
2003,England,2003,inns & 92 runs,2000,2.0
2003,West Indies,2003,3 wickets,2000,7.0
2003,drawn,2003,-,2000,1.0
2003,Australia,2003,9 wickets,2000,4.0
2003,South Africa,2003,inns & 18 runs,2000,2.0
2003,drawn,2003,-,2000,1.0
2003,South Africa,2003,inns & 60 runs,2000,2.0
2003,Australia,2003,118 runs,2000,6.0
2003,Australia,2003,9 wickets,2000,4.0
2003,South Africa,2003,inns & 142 runs,2000,2.0
2003,England,2003,225 runs,2000,4.0
2004,drawn,2004,-,2000,1.0
2004,Australia,2004,9 wickets,2000,4.0
2004,England,2004,7 wickets,2000,5.0
2004,India,2004,inns & 83 runs,2000,2.0
2004,Australia,2004,491 runs,2000,4.0
2004,India,2004,inns & 140 runs,2000,2.0
2004,India,2004,8 wickets,2000,5.0
2004,Australia,2004,213 runs,2000,4.0
2004,drawn,2004,-,2000,1.0
2004,Australia,2004,inns & 156 runs,2000,2.0
2004,India,2004,13 runs,2000,9.0
2004,Pakistan,2004,6 wickets,2000,6.0
2004,Australia,2004,342 runs,2000,4.0
2004,New Zealand,2004,inns & 101 runs,2000,2.0
2004,Sri Lanka,2004,201 runs,2000,4.0
2004,New Zealand,2004,inns & 99 runs,2000,2.0
2004,drawn,2004,-,2000,1.0
2004,Australia,2004,217 runs,2000,4.0
2004,England,2004,10 wickets,2000,4.0
2004,England,2004,7 wickets,2000,5.0
2004,Sri Lanka,2004,313 runs,2000,4.0
2004,drawn,2004,-,2000,1.0
2004,England,2004,256 runs,2000,4.0
2004,England,2004,210 runs,2000,4.0
2004,drawn,2004,-,2000,1.0
2004,Australia,2004,149 runs,2000,6.0
2004,England,2004,4 wickets,2000,7.0
2004,West Indies,2004,inns & 99 runs,2000,2.0
2004,England,2004,9 wickets,2000,4.0
2004,drawn,2004,-,2000,1.0
2004,England,2004,7 wickets,2000,5.0
2004,Sri Lanka,2004,inns & 254 runs,2000,2.0
2004,Sri Lanka,2004,inns & 240 runs,2000,2.0
2004,India,2004,inns & 131 runs,2000,2.0
2004,drawn,2004,-,2000,1.0
2004,Pakistan,2004,9 wickets,2000,4.0
2004,England,2004,8 wickets,2000,5.0
2004,India,2004,inns & 52 runs,2000,2.0
2004,South Africa,2004,6 wickets,2000,6.0
2004,Australia,2004,121 runs,2000,6.0
2004,England,2004,7 wickets,2000,5.0
2004,New Zealand,2004,9 wickets,2000,4.0
2004,Australia,2004,27 runs,2000,8.0
2004,England,2004,10 wickets,2000,4.0
2004,drawn,2004,-,2000,1.0
2004,Australia,2004,197 runs,2000,5.0
2004,drawn,2004,-,2000,1.0
2004,Zimbabwe,2004,183 runs,2000,5.0
2004,South Africa,2004,10 wickets,2000,4.0
2004,drawn,2004,-,2000,1.0
2004,drawn,2004,-,2000,1.0
2005,Australia,2005,184 runs,2000,5.0
2005,India,2005,259 runs,2000,4.0
2005,drawn,2005,-,2000,1.0
2005,India,2005,188 runs,2000,5.0
2005,drawn,2005,-,2000,1.0
2005,Pakistan,2005,inns & 100 runs,2000,2.0
2005,Australia,2005,7 wickets,2000,5.0
2005,drawn,2005,-,2000,1.0
2005,Australia,2005,9 wickets,2000,4.0
2005,Pakistan,2005,22 runs,2000,9.0
2005,Australia,2005,379 runs,2000,4.0
2005,Australia,2005,210 runs,2000,4.0
2005,India,2005,10 wickets,2000,4.0
2005,Sri Lanka,2005,inns & 69 runs,2000,2.0
2005,India,2005,inns & 90 runs,2000,2.0
2005,Sri Lanka,2005,inns & 96 runs,2000,2.0
2005,drawn,2005,-,2000,1.0
2005,England,2005,3 wickets,2000,7.0
2005,New Zealand,2005,inns & 46 runs,2000,2.0
2005,drawn,2005,-,2000,1.0
2005,New Zealand,2005,inns & 294 runs,2000,2.0
2005,England,2005,2 runs,2000,9.0
2005,Sri Lanka,2005,240 runs,2000,4.0
2005,Australia,2005,239 runs,2000,4.0
2005,Sri Lanka,2005,6 wickets,2000,6.0
2005,Pakistan,2005,136 runs,2000,6.0
2005,England,2005,inns & 27 runs,2000,2.0
2005,West Indies,2005,276 runs,2000,4.0
2005,England,2005,inns & 261 runs,2000,2.0
2005,drawn,2005,-,2000,1.0
2005,South Africa,2005,inns & 86 runs,2000,2.0
2005,New Zealand,2005,inns & 38 runs,2000,2.0
2005,South Africa,2005,8 wickets,2000,5.0
2005,drawn,2005,-,2000,1.0
2005,drawn,2005,-,2000,1.0
2005,Australia,2005,9 wickets,2000,4.0
2005,Pakistan,2005,168 runs,2000,5.0
2005,drawn,2005,-,2000,1.0
2005,India,2005,195 runs,2000,5.0
2005,South Africa,2005,inns & 62 runs,2000,2.0
2005,Australia,2005,9 wickets,2000,4.0
2005,drawn,2005,-,2000,1.0
2005,South Africa,2005,inns & 21 runs,2000,2.0
2005,drawn,2005,-,2000,1.0
2005,drawn,2005,-,2000,1.0
2005,England,2005,77 runs,2000,7.0
2005,Bangladesh,2005,226 runs,2000,4.0
2005,South Africa,2005,196 runs,2000,5.0
2005,Australia,2005,9 wickets,2000,4.0
2006,South Africa,2006,174 runs,2000,5.0
2006,Australia,2006,inns & 99 runs,2000,2.0
2006,India,2006,123 runs,2000,6.0
2006,Sri Lanka,2006,217 runs,2000,4.0
2006,Australia,2006,206 runs,2000,4.0
2006,New Zealand,2006,5 wickets,2000,6.0
2006,Australia,2006,6 wickets,2000,6.0
2006,Pakistan,2006,199 runs,2000,5.0
2006,Australia,2006,277 runs,2000,4.0
2006,drawn,2006,-,2000,1.0
2006,Pakistan,2006,9 wickets,2000,4.0
2006,England,2006,-,2000,1.0
2006,England,2006,167 runs,2000,5.0
2006,Sri Lanka,2006,1 wicket,2000,9.0
2006,England,2006,inns & 120 runs,2000,2.0
2006,Sri Lanka,2006,inns & 153 runs,2000,2.0
2006,drawn,2006,-,2000,1.0
2006,India,2006,49 runs,2000,8.0
2006,drawn,2006,-,2000,1.0
2006,drawn,2006,-,2000,1.0
2006,drawn,2006,-,2000,1.0
2006,Sri Lanka,2006,134 runs,2000,6.0
2006,England,2006,6 wickets,2000,6.0
2006,drawn,2006,-,2000,1.0
2006,South Africa,2006,4 wickets,2000,7.0
2006,drawn,2006,-,2000,1.0
2006,Australia,2006,inns & 80 runs,2000,2.0
2006,South Africa,2006,128 runs,2000,6.0
2006,Australia,2006,3 wickets,2000,7.0
2006,Pakistan,2006,8 wickets,2000,5.0
2006,Australia,2006,2 wickets,2000,8.0
2006,drawn,2006,-,2000,1.0
2006,drawn,2006,-,2000,1.0
2006,Australia,2006,112 runs,2000,6.0
2006,England,2006,212 runs,2000,4.0
2006,New Zealand,2006,10 wickets,2000,4.0
2006,Australia,2006,7 wickets,2000,5.0
2006,India,2006,9 wickets,2000,4.0
2006,New Zealand,2006,27 runs,2000,8.0
2006,Sri Lanka,2006,10 wickets,2000,4.0
2006,drawn,2006,-,2000,1.0
2006,Sri Lanka,2006,8 wickets,2000,5.0
2006,Pakistan,2006,341 runs,2000,4.0
2006,drawn,2006,-,2000,1.0
2006,drawn,2006,-,2000,1.0
2006,Australia,2006,8 wickets,2000,5.0
2007,West Indies,2007,128 runs,2000,6.0
2007,Australia,2007,337 runs,2000,4.0
2007,drawn,2007,-,2000,1.0
2007,drawn,2007,-,2000,1.0
2007,drawn,2007,-,2000,1.0
2007,Sri Lanka,2007,88 runs,2000,7.0
2007,drawn,2007,-,2000,1.0
2007,India,2007,6 wickets,2000,6.0
2007,South Africa,2007,inns & 59 runs,2000,2.0
2007,Australia,2007,96 runs,2000,7.0
2007,South Africa,2007,358 runs,2000,4.0
2007,Australia,2007,inns & 40 runs,2000,2.0
2007,drawn,2007,-,2000,1.0
2007,South Africa,2007,160 runs,2000,5.0
2007,drawn,2007,-,2000,1.0
2007,India,2007,7 wickets,2000,5.0
2007,drawn,2007,-,2000,1.0
2007,Sri Lanka,2007,inns & 193 runs,2000,2.0
2007,Sri Lanka,2007,inns & 90 runs,2000,2.0
2007,Sri Lanka,2007,inns & 234 runs,2000,2.0
2007,England,2007,7 wickets,2000,5.0
2007,England,2007,60 runs,2000,7.0
2007,England,2007,inns & 283 runs,2000,2.0
2007,India,2007,inns & 239 runs,2000,2.0
2007,drawn,2007,-,2000,1.0
2007,drawn,2007,-,2000,1.0
2007,South Africa,2007,5 wickets,2000,6.0
2007,Pakistan,2007,5 wickets,2000,6.0
2007,South Africa,2007,7 wickets,2000,5.0
2007,South Africa,2007,5 wickets,2000,6.0
2007,Australia,2007,10 wickets,2000,4.0
2008,Sri Lanka,2008,107 runs,2000,6.0
2008,South Africa,2008,9 wickets,2000,4.0
2008,drawn,2008,-,2000,1.0
2008,drawn,2008,-,2000,1.0
2008,South Africa,2008,6 wickets,2000,6.0
2008,India,2008,6 wickets,2000,6.0
2008,drawn,2008,-,2000,1.0
2008,Australia,2008,inns & 62 runs,2000,2.0
2008,South Africa,2008,inns & 48 runs,2000,2.0
2008,Australia,2008,149 runs,2000,6.0
2008,South Africa,2008,inns & 129 runs,2000,2.0
2008,India,2008,172 runs,2000,5.0
2008,drawn,2008,-,2000,1.0
2008,drawn,2008,-,2000,1.0
2008,India,2008,320 runs,2000,4.0
2008,New Zealand,2008,3 wickets,2000,7.0
2008,drawn,2008,-,2000,1.0
2008,Sri Lanka,2008,8 wickets,2000,5.0
2008,England,2008,6 wickets,2000,6.0
2008,India,2008,170 runs,2000,5.0
2008,South Africa,2008,5 wickets,2000,6.0
2008,Sri Lanka,2008,inns & 239 runs,2000,2.0
2008,South Africa,2008,10 wickets,2000,4.0
2008,drawn,2008,-,2000,1.0
2008,Australia,2008,87 runs,2000,7.0
2008,England,2008,inns & 9 runs,2000,2.0
2008,drawn,2008,-,2000,1.0
2008,England,2008,6 wickets,2000,6.0
2008,Australia,2008,95 runs,2000,7.0
2008,drawn,2008,-,2000,1.0
2008,India,2008,8 wickets,2000,5.0
2008,West Indies,2008,6 wickets,2000,6.0
2008,South Africa,2008,inns & 90 runs,2000,2.0
2008,drawn,2008,-,2000,1.0
2008,Sri Lanka,2008,121 runs,2000,6.0
2008,England,2008,121 runs,2000,6.0
2008,England,2008,126 runs,2000,6.0
2008,New Zealand,2008,189 runs,2000,5.0
2008,South Africa,2008,inns & 205 runs,2000,2.0
2008,South Africa,2008,5 wickets,2000,6.0
2008,drawn,2008,-,2000,1.0
2008,India,2008,72 runs,2000,7.0
2008,New Zealand,2008,inns & 137 runs,2000,2.0
2008,South Africa,2008,inns & 100 runs,2000,2.0
2008,New Zealand,2008,9 wickets,2000,4.0
2008,South Africa,2008,7 wickets,2000,5.0
2008,Australia,2008,122 runs,2000,6.0
2009,England,2009,inns & 98 runs,2000,2.0
2009,Australia,2009,170 runs,2000,5.0
2009,drawn,2009,-,2000,1.0
2009,Australia,2009,35 runs,2000,8.0
2009,drawn,2009,-,2000,1.0
2009,drawn,2009,-,2000,1.0
2009,Pakistan,2009,141 runs,2000,6.0
2009,India,2009,inns & 24 runs,2000,2.0
2009,Australia,2009,inns & 65 runs,2000,2.0
2009,India,2009,inns & 144 runs,2000,2.0
2009,New Zealand,2009,32 runs,2000,8.0
2009,drawn,2009,-,2000,1.0
2009,Sri Lanka,2009,96 runs,2000,7.0
2009,England,2009,197 runs,2000,5.0
2009,Sri Lanka,2009,202 runs,2000,4.0
2009,Australia,2009,inns & 80 runs,2000,2.0
2009,drawn,2009,-,2000,1.0
2009,drawn,2009,-,2000,1.0
2009,Bangladesh,2009,4 wickets,2000,7.0
2009,England,2009,115 runs,2000,6.0
2009,Sri Lanka,2009,7 wickets,2000,5.0
2009,Bangladesh,2009,95 runs,2000,7.0
2009,drawn,2009,-,2000,1.0
2009,Sri Lanka,2009,50 runs,2000,7.0
2009,England,2009,inns & 83 runs,2000,2.0
2009,England,2009,10 wickets,2000,4.0
2009,drawn,2009,-,2000,1.0
2009,drawn,2009,-,2000,1.0
2009,South Africa,2009,inns & 20 runs,2000,2.0
2009,India,2009,10 wickets,2000,4.0
2009,drawn,2009,-,2000,1.0
2009,Australia,2009,175 runs,2000,5.0
2009,drawn,2009,-,2000,1.0
2009,drawn,2009,-,2000,1.0
2009,Australia,2009,162 runs,2000,5.0
2009,drawn,2009,-,2000,1.0
2009,drawn,2009,-,2000,1.0
2009,drawn,2009,-,2000,1.0
2009,West Indies,2009,inns & 23 runs,2000,2.0
2009,Sri Lanka,2009,465 runs,2000,4.0
2009,Australia,2009,103 runs,2000,6.0
2010,India,2010,87 runs,2010,7.0
2010,England,2010,inns & 157 runs,2010,2.0
2010,South Africa,2010,inns & 25 runs,2010,2.0
2010,Australia,2010,267 runs,2010,4.0
2010,England,2010,inns & 71 runs,2010,2.0
2010,drawn,2010,-,2010,1.0
2010,drawn,2010,-,2010,1.0
2010,drawn,2010,-,2010,1.0
2010,drawn,2010,-,2010,1.0
2010,India,2010,inns & 198 runs,2010,2.0
2010,drawn,2010,-,2010,1.0
2010,drawn,2010,-,2010,1.0
2010,drawn,2010,-,2010,1.0
2010,drawn,2010,-,2010,1.0
2010,India,2010,7 wickets,2010,5.0
2010,India,2010,1 wicket,2010,9.0
2010,England,2010,inns & 225 runs,2010,2.0
2010,Pakistan,2010,4 wickets,2010,7.0
2010,England,2010,9 wickets,2010,4.0
2010,India,2010,5 wickets,2010,6.0
2010,England,2010,354 runs,2010,4.0
2010,drawn,2010,-,2010,1.0
2010,Pakistan,2010,3 wickets,2010,7.0
2010,Sri Lanka,2010,10 wickets,2010,4.0
2010,Australia,2010,150 runs,2010,5.0
2010,South Africa,2010,7 wickets,2010,5.0
2010,drawn,2010,-,2010,1.0
2010,South Africa,2010,163 runs,2010,5.0
2010,England,2010,inns & 80 runs,2010,2.0
2010,England,2010,8 wickets,2010,5.0
2010,Australia,2010,176 runs,2010,5.0
2010,England,2010,9 wickets,2010,4.0
2010,Australia,2010,10 wickets,2010,4.0
2010,England,2010,181 runs,2010,5.0
2010,New Zealand,2010,121 runs,2010,6.0
2010,India,2010,inns & 57 runs,2010,2.0
2010,South Africa,2010,inns & 6 runs,2010,2.0
2010,India,2010,10 wickets,2010,4.0
2010,India,2010,113 runs,2010,6.0
2010,South Africa,2010,inns & 74 runs,2010,2.0
2010,Australia,2010,231 runs,2010,4.0
2010,drawn,2010,-,2010,1.0
2010,Australia,2010,36 runs,2010,8.0
2011,Sri Lanka,2011,208 runs,2010,4.0
2011,Australia,2011,122 runs,2010,6.0
2011,Pakistan,2011,7 wickets,2010,5.0
2011,South Africa,2011,inns & 81 runs,2010,2.0
2011,Pakistan,2011,inns & 184 runs,2010,2.0
2011,New Zealand,2011,7 runs,2010,9.0
2011,Australia,2011,9 wickets,2010,4.0
2011,drawn,2011,-,2010,1.0
2011,Australia,2011,2 wickets,2010,8.0
2011,India,2011,inns & 15 runs,2010,2.0
2011,South Africa,2011,8 wickets,2010,5.0
2011,India,2011,5 wickets,2010,6.0
2011,drawn,2011,-,2010,1.0
2011,New Zealand,2011,34 runs,2010,8.0
2011,West Indies,2011,229 runs,2010,4.0
2011,Pakistan,2011,9 wickets,2010,4.0
2011,drawn,2011,-,2010,1.0
2011,drawn,2011,-,2010,1.0
2011,drawn,2011,-,2010,1.0
2011,drawn,2011,-,2010,1.0
2011,Pakistan,2011,7 wickets,2010,5.0
2011,Australia,2011,125 runs,2010,6.0
2011,England,2011,inns & 8 runs,2010,2.0
2011,England,2011,inns & 242 runs,2010,2.0
2011,Zimbabwe,2011,130 runs,2010,6.0
2011,England,2011,319 runs,2010,4.0
2011,England,2011,196 runs,2010,5.0
2011,drawn,2011,-,2010,1.0
2011,drawn,2011,-,2010,1.0
2011,India,2011,63 runs,2010,7.0
2011,drawn,2011,-,2010,1.0
2011,drawn,2011,-,2010,1.0
2011,England,2011,inns & 14 runs,2010,2.0
2011,Pakistan,2011,196 runs,2010,5.0
2011,West Indies,2011,40 runs,2010,8.0
2011,drawn,2011,-,2010,1.0
2011,Pakistan,2011,10 wickets,2010,4.0
2011,England,2011,inns & 83 runs,2010,2.0
2011,drawn,2011,-,2010,1.0
2012,Australia,2012,inns & 201 runs,2010,2.0
2012,Australia,2012,137 runs,2010,6.0
2012,drawn,2012,-,2010,1.0
2012,England,2012,7 wickets,2010,5.0
2012,South Africa,2012,309 runs,2010,4.0
2012,New Zealand,2012,167 runs,2010,5.0
2012,England,2012,10 wickets,2010,4.0
2012,drawn,2012,-,2010,1.0
2012,West Indies,2012,10 wickets,2010,4.0
2012,Sri Lanka,2012,10 wickets,2010,4.0
2012,India,2012,9 wickets,2010,4.0
2012,West Indies,2012,77 runs,2010,7.0
2012,drawn,2012,-,2010,1.0
2012,India,2012,5 wickets,2010,6.0
2012,India,2012,inns & 115 runs,2010,2.0
2012,South Africa,2012,51 runs,2010,7.0
2012,West Indies,2012,5 wickets,2010,6.0
2012,drawn,2012,-,2010,1.0
2012,West Indies,2012,9 wickets,2010,4.0
2012,South Africa,2012,inns & 12 runs,2010,2.0
2012,drawn,2012,-,2010,1.0
2012,drawn,2012,-,2010,1.0
2012,Sri Lanka,2012,209 runs,2010,4.0
2012,drawn,2012,-,2010,1.0
2012,England,2012,9 wickets,2010,4.0
2012,England,2012,5 wickets,2010,6.0
2012,Australia,2012,75 runs,2010,7.0
2012,drawn,2012,-,2010,1.0
2012,Australia,2012,3 wickets,2010,7.0
2012,England,2012,8 wickets,2010,5.0
2012,Sri Lanka,2012,75 runs,2010,7.0
2012,drawn,2012,-,2010,1.0
2012,South Africa,2012,9 wickets,2010,4.0
2012,drawn,2012,-,2010,1.0
2012,Pakistan,2012,71 runs,2010,7.0
2012,New Zealand,2012,inns & 301 runs,2010,2.0
2012,Pakistan,2012,72 runs,2010,7.0
2012,Australia,2012,298 runs,2010,4.0
2012,Pakistan,2012,10 wickets,2010,4.0
2012,Australia,2012,inns & 37 runs,2010,2.0
2012,South Africa,2012,10 wickets,2010,4.0
2012,Australia,2012,inns & 68 runs,2010,2.0
2013,drawn,2013,-,2010,1.0
2013,South Africa,2013,10 wickets,2010,4.0
2013,Australia,2013,8 wickets,2010,5.0
2013,New Zealand,2013,8 wickets,2010,5.0
2013,drawn,2013,-,2010,1.0
2013,Australia,2013,150 runs,2010,5.0
2013,New Zealand,2013,inns & 73 runs,2010,2.0
2013,Australia,2013,218 runs,2010,4.0
2013,drawn,2013,-,2010,1.0
2013,Australia,2013,381 runs,2010,4.0
2013,India,2013,inns & 126 runs,2010,2.0
2013,India,2013,inns & 51 runs,2010,2.0
2013,South Africa,2013,inns & 92 runs,2010,2.0
2013,drawn,2013,-,2010,1.0
2013,Pakistan,2013,7 wickets,2010,5.0
2013,drawn,2013,-,2010,1.0
2013,Zimbabwe,2013,24 runs,2010,9.0
2013,Pakistan,2013,221 runs,2010,4.0
2013,drawn,2013,-,2010,1.0
2013,England,2013,74 runs,2010,7.0
2013,drawn,2013,-,2010,1.0
2013,England,2013,347 runs,2010,4.0
2013,England,2013,14 runs,2010,9.0
2013,England,2013,247 runs,2010,4.0
2013,England,2013,170 runs,2010,5.0
2013,Bangladesh,2013,143 runs,2010,6.0
2013,Zimbabwe,2013,335 runs,2010,4.0
2013,India,2013,6 wickets,2010,6.0
2013,drawn,2013,-,2010,1.0
2013,West Indies,2013,inns & 65 runs,2010,2.0
2013,Sri Lanka,2013,7 wickets,2010,5.0
2013,India,2013,6 wickets,2010,6.0
2013,drawn,2013,-,2010,1.0
2013,West Indies,2013,9 wickets,2010,4.0
2013,drawn,2013,-,2010,1.0
2013,drawn,2013,-,2010,1.0
2013,India,2013,inns & 135 runs,2010,2.0
2013,South Africa,2013,inns & 18 runs,2010,2.0
2013,India,2013,8 wickets,2010,5.0
2013,South Africa,2013,4 wickets,2010,7.0
2013,South Africa,2013,211 runs,2010,4.0
2013,South Africa,2013,inns & 193 runs,2010,2.0
2013,Australia,2013,5 wickets,2010,6.0
2013,South Africa,2013,inns & 27 runs,2010,2.0
2014,drawn,2014,-,2010,1.0
2014,drawn,2014,-,2010,1.0
2014,New Zealand,2014,8 wickets,2010,5.0
2014,South Africa,2014,inns & 220 runs,2010,2.0
2014,Australia,2014,4 wickets,2010,7.0
2014,Australia,2014,48 runs,2010,8.0
2014,New Zealand,2014,inns & 80 runs,2010,2.0
2014,drawn,2014,-,2010,1.0
2014,Bangladesh,2014,186 runs,2010,5.0
2014,Pakistan,2014,248 runs,2010,4.0
2014,Bangladesh,2014,162 runs,2010,5.0
2014,Pakistan,2014,356 runs,2010,4.0
2014,Bangladesh,2014,3 wickets,2010,7.0
2014,Pakistan,2014,221 runs,2010,4.0
2014,West Indies,2014,296 runs,2010,4.0
2014,West Indies,2014,10 wickets,2010,4.0
2014,England,2014,inns & 244 runs,2010,2.0
2014,Sri Lanka,2014,105 runs,2010,6.0
2014,South Africa,2014,9 wickets,2010,4.0
2014,England,2014,inns & 54 runs,2010,2.0
2014,Sri Lanka,2014,7 wickets,2010,5.0
2014,England,2014,266 runs,2010,4.0
2014,drawn,2014,-,2010,1.0
2014,India,2014,95 runs,2010,7.0
2014,South Africa,2014,153 runs,2010,5.0
2014,drawn,2014,-,2010,1.0
2014,New Zealand,2014,53 runs,2010,7.0
2014,Sri Lanka,2014,100 runs,2010,6.0
2014,West Indies,2014,10 wickets,2010,4.0
2014,drawn,2014,-,2010,1.0
2014,New Zealand,2014,186 runs,2010,5.0
2014,Australia,2014,245 runs,2010,4.0
2014,South Africa,2014,231 runs,2010,4.0
2014,drawn,2014,-,2010,1.0
2014,Australia,2014,281 runs,2010,4.0
2014,New Zealand,2014,40 runs,2010,8.0
2014,drawn,2014,-,2010,1.0
2014,Sri Lanka,2014,inns & 248 runs,2010,2.0
2014,Pakistan,2014,5 wickets,2010,6.0
2014,Sri Lanka,2014,9 wickets,2010,4.0
2014,Australia,2014,281 runs,2010,4.0
2015,England,2015,241 runs,2010,4.0
2015,Australia,2015,177 runs,2010,5.0
2015,New Zealand,2015,5 wickets,2010,6.0
2015,Australia,2015,inns & 212 runs,2010,2.0
2015,New Zealand,2015,122 runs,2010,6.0
2015,India,2015,337 runs,2010,4.0
2015,Australia,2015,3 wickets,2010,7.0
2015,India,2015,124 runs,2010,6.0
2015,drawn,2015,-,2010,1.0
2015,drawn,2015,-,2010,1.0
2015,India,2015,108 runs,2010,6.0
2015,Australia,2015,208 runs,2010,4.0
2015,Pakistan,2015,127 runs,2010,6.0
2015,Pakistan,2015,178 runs,2010,5.0
2015,Sri Lanka,2015,72 runs,2010,7.0
2015,Sri Lanka,2015,inns & 6 runs,2010,2.0
2015,drawn,2015,-,2010,1.0
2015,India,2015,117 runs,2010,6.0
2015,Australia,2015,inns & 46 runs,2010,2.0
2015,India,2015,278 runs,2010,4.0
2015,Sri Lanka,2015,63 runs,2010,7.0
2015,England,2015,inns & 78 runs,2010,2.0
2015,drawn,2015,-,2010,1.0
2015,England,2015,8 wickets,2010,5.0
2015,drawn,2015,-,2010,1.0
2015,Australia,2015,405 runs,2010,4.0
2015,England,2015,169 runs,2010,5.0
2015,Pakistan,2015,7 wickets,2010,5.0
2015,Sri Lanka,2015,7 wickets,2010,5.0
2015,Pakistan,2015,10 wickets,2010,4.0
2015,Australia,2015,277 runs,2010,4.0
2015,drawn,2015,-,2010,1.0
2015,Australia,2015,9 wickets,2010,4.0
2015,New Zealand,2015,199 runs,2010,5.0
2015,England,2015,124 runs,2010,6.0
2015,Pakistan,2015,328 runs,2010,4.0
2015,West Indies,2015,5 wickets,2010,6.0
2015,drawn,2015,-,2010,1.0
2015,England,2015,9 wickets,2010,4.0
2015,drawn,2015,-,2010,1.0
2015,drawn,2015,-,2010,1.0
2015,New Zealand,2015,193 runs,2010,5.0
2015,South Africa,2015,8 wickets,2010,5.0
2016,South Africa,2016,206 runs,2010,4.0
2016,Australia,2016,inns & 18 runs,2010,2.0
2016,India,2016,inns & 75 runs,2010,2.0
2016,Australia,2016,39 runs,2010,8.0
2016,India,2016,inns & 36 runs,2010,2.0
2016,India,2016,8 wickets,2010,5.0
2016,New Zealand,2016,138 runs,2010,6.0
2016,Australia,2016,7 wickets,2010,5.0
2016,India,2016,246 runs,2010,4.0
2016,New Zealand,2016,8 wickets,2010,5.0
2016,South Africa,2016,inns & 80 runs,2010,2.0
2016,drawn,2016,-,2010,1.0
2016,Sri Lanka,2016,257 runs,2010,4.0
2016,South Africa,2016,177 runs,2010,5.0
2016,West Indies,2016,5 wickets,2010,6.0
2016,Sri Lanka,2016,225 runs,2010,4.0
2016,Bangladesh,2016,108 runs,2010,6.0
2016,Pakistan,2016,133 runs,2010,6.0
2016,England,2016,22 runs,2010,9.0
2016,Pakistan,2016,56 runs,2010,7.0
2016,India,2016,321 runs,2010,4.0
2016,India,2016,178 runs,2010,5.0
2016,India,2016,197 runs,2010,5.0
2016,South Africa,2016,204 runs,2010,4.0
2016,drawn,2016,-,2010,1.0
2016,drawn,2016,-,2010,1.0
2016,Sri Lanka,2016,163 runs,2010,5.0
2016,Pakistan,2016,10 wickets,2010,4.0
2016,India,2016,237 runs,2010,4.0
2016,New Zealand,2016,254 runs,2010,4.0
2016,Sri Lanka,2016,229 runs,2010,4.0
2016,England,2016,141 runs,2010,6.0
2016,drawn,2016,-,2010,1.0
2016,New Zealand,2016,inns & 117 runs,2010,2.0
2016,Sri Lanka,2016,106 runs,2010,6.0
2016,England,2016,330 runs,2010,4.0
2016,India,2016,inns & 92 runs,2010,2.0
2016,Pakistan,2016,75 runs,2010,7.0
2016,drawn,2016,-,2010,1.0
2016,England,2016,9 wickets,2010,4.0
2016,England,2016,inns & 88 runs,2010,2.0
2016,Australia,2016,7 wickets,2010,5.0
2016,Australia,2016,inns & 52 runs,2010,2.0
2016,South Africa,2016,280 runs,2010,4.0
2016,England,2016,7 wickets,2010,5.0
2016,drawn,2016,-,2010,1.0
2016,drawn,2016,-,2010,1.0
2017,South Africa,2017,inns & 120 runs,2010,2.0
2017,drawn,2017,-,2010,1.0
2017,Australia,2017,inns & 41 runs,2010,2.0
2017,New Zealand,2017,240 runs,2010,4.0
2017,drawn,2017,-,2010,1.0
2017,Australia,2017,120 runs,2010,6.0
2017,New Zealand,2017,inns & 67 runs,2010,2.0
2017,India,2017,inns & 239 runs,2010,2.0
2017,Australia,2017,10 wickets,2010,4.0
2017,drawn,2017,-,2010,1.0
2017,drawn,2017,-,2010,1.0
2017,West Indies,2017,117 runs,2010,6.0
2017,Sri Lanka,2017,68 runs,2010,7.0
2017,South Africa,2017,inns & 254 runs,2010,2.0
2017,South Africa,2017,333 runs,2010,4.0
2017,Sri Lanka,2017,21 runs,2010,9.0
2017,England,2017,9 wickets,2010,4.0
2017,Australia,2017,7 wickets,2010,5.0
2017,Bangladesh,2017,20 runs,2010,9.0
2017,West Indies,2017,5 wickets,2010,6.0
2017,England,2017,inns & 209 runs,2010,2.0
2017,India,2017,inns & 171 runs,2010,2.0
2017,England,2017,177 runs,2010,5.0
2017,India,2017,inns & 53 runs,2010,2.0
2017,England,2017,239 runs,2010,4.0
2017,India,2017,304 runs,2010,4.0
2017,South Africa,2017,340 runs,2010,4.0
2017,Sri Lanka,2017,4 wickets,2010,7.0
2017,England,2017,211 runs,2010,4.0
2017,Pakistan,2017,101 runs,2010,6.0
2017,West Indies,2017,106 runs,2010,6.0
2017,Pakistan,2017,7 wickets,2010,5.0
2017,India,2017,8 wickets,2010,5.0
2017,drawn,2017,-,2010,1.0
2017,drawn,2017,-,2010,1.0
2017,South Africa,2017,8 wickets,2010,5.0
2017,Bangladesh,2017,4 wickets,2010,7.0
2017,drawn,2017,-,2010,1.0
2017,Sri Lanka,2017,259 runs,2010,4.0
2017,India,2017,75 runs,2010,7.0
2017,Australia,2017,333 runs,2010,4.0
2017,India,2017,208 runs,2010,4.0
2017,New Zealand,2017,9 wickets,2010,4.0
2017,South Africa,2017,inns & 118 runs,2010,2.0
2017,New Zealand,2017,7 wickets,2010,5.0
2017,Australia,2017,220 runs,2010,4.0
2017,South Africa,2017,282 runs,2010,4.0
2018,South Africa,2018,6 wickets,2010,6.0
2018,India,2018,137 runs,2010,6.0
2018,New Zealand,2018,423 runs,2010,4.0
2018,drawn,2018,-,2010,1.0
2018,Australia,2018,146 runs,2010,6.0
2018,India,2018,31 runs,2010,8.0
2018,New Zealand,2018,123 runs,2010,6.0
2018,Bangladesh,2018,inns & 184 runs,2010,2.0
2018,Pakistan,2018,inns & 16 runs,2010,2.0
2018,England,2018,42 runs,2010,8.0
2018,Bangladesh,2018,64 runs,2010,7.0
2018,New Zealand,2018,4 runs,2010,9.0
2018,England,2018,57 runs,2010,7.0
2018,Bangladesh,2018,218 runs,2010,4.0
2018,England,2018,211 runs,2010,4.0
2018,Zimbabwe,2018,151 runs,2010,5.0
2018,Pakistan,2018,373 runs,2010,4.0
2018,India,2018,10 wickets,2010,4.0
2018,drawn,2018,-,2010,1.0
2018,India,2018,inns & 272 runs,2010,2.0
2018,England,2018,118 runs,2010,6.0
2018,England,2018,60 runs,2010,7.0
2018,India,2018,203 runs,2010,4.0
2018,England,2018,inns & 159 runs,2010,2.0
2018,England,2018,31 runs,2010,8.0
2018,Sri Lanka,2018,199 runs,2010,5.0
2018,West Indies,2018,166 runs,2010,5.0
2018,Sri Lanka,2018,278 runs,2010,4.0
2018,West Indies,2018,inns & 219 runs,2010,2.0
2018,Sri Lanka,2018,4 wickets,2010,7.0
2018,drawn,2018,-,2010,1.0
2018,India,2018,inns & 262 runs,2010,2.0
2018,West Indies,2018,226 runs,2010,4.0
2018,England,2018,inns & 55 runs,2010,2.0
2018,Pakistan,2018,9 wickets,2010,4.0
2018,Pakistan,2018,5 wickets,2010,6.0
2018,South Africa,2018,492 runs,2010,4.0
2018,drawn,2018,-,2010,1.0
2018,South Africa,2018,322 runs,2010,4.0
2018,New Zealand,2018,inns & 49 runs,2010,2.0
2018,South Africa,2018,6 wickets,2010,6.0
2018,Australia,2018,118 runs,2010,6.0
2018,Sri Lanka,2018,215 runs,2010,4.0
2018,drawn,2018,-,2010,1.0
2018,India,2018,63 runs,2010,7.0
2018,South Africa,2018,135 runs,2010,6.0
2018,South Africa,2018,72 runs,2010,7.0
2018,Australia,2018,inns & 123 runs,2010,2.0
2019,South Africa,2019,107 runs,2010,6.0
2019,Australia,2019,247 runs,2010,4.0
2019,Pakistan,2019,263 runs,2010,4.0
2019,Australia,2019,296 runs,2010,4.0
2019,drawn,2019,-,2010,1.0
2019,Australia,2019,inns & 48 runs,2010,2.0
2019,drawn,2019,-,2010,1.0
2019,West Indies,2019,9 wickets,2010,4.0
2019,India,2019,inns & 46 runs,2010,2.0
2019,Australia,2019,inns & 5 runs,2010,2.0
2019,New Zealand,2019,inns & 65 runs,2010,2.0
2019,India,2019,inns & 130 runs,2010,2.0
2019,India,2019,inns & 202 runs,2010,2.0
2019,India,2019,inns & 137 runs,2010,2.0
2019,India,2019,203 runs,2010,4.0
2019,England,2019,135 runs,2010,6.0
2019,Afghanistan,2019,224 runs,2010,4.0
2019,Australia,2019,185 runs,2010,5.0
2019,India,2019,257 runs,2010,4.0
2019,India,2019,318 runs,2010,4.0
2019,England,2019,1 wicket,2010,9.0
2019,New Zealand,2019,inns & 65 runs,2010,2.0
2019,drawn,2019,-,2010,1.0
2019,Sri Lanka,2019,6 wickets,2010,6.0
2019,Australia,2019,251 runs,2010,4.0
2019,England,2019,143 runs,2010,6.0
2019,Afghanistan,2019,7 wickets,2010,5.0
2019,New Zealand,2019,inns & 12 runs,2010,2.0
2019,New Zealand,2019,inns & 52 runs,2010,2.0
2019,Sri Lanka,2019,8 wickets,2010,5.0
2019,Sri Lanka,2019,1 wicket,2010,9.0
2019,England,2019,232 runs,2010,4.0
2019,Australia,2019,366 runs,2010,4.0
2019,West Indies,2019,10 wickets,2010,4.0
2019,Australia,2019,inns & 40 runs,2010,2.0
2019,West Indies,2019,381 runs,2010,4.0
2019,South Africa,2019,107 runs,2010,6.0
2019,South Africa,2019,9 wickets,2010,4.0
2019,drawn,2019,-,2010,1.0
2020,South Africa,2020,inns & 45 runs,2020,2.0
2020,India,2020,8 wickets,2020,5.0
2020,New Zealand,2020,101 runs,2020,6.0
2020,Australia,2020,8 wickets,2020,5.0
2020,New Zealand,2020,inns & 12 runs,2020,2.0
2020,New Zealand,2020,inns & 134 runs,2020,2.0
2020,drawn,2020,-,2020,1.0
2020,drawn,2020,-,2020,1.0
2020,England,2020,3 wickets,2020,7.0
2020,England,2020,269 runs,2020,4.0
2020,England,2020,113 runs,2020,6.0
2020,West Indies,2020,4 wickets,2020,7.0
2020,New Zealand,2020,7 wickets,2020,5.0
2020,Bangladesh,2020,inns & 106 runs,2020,2.0
2020,New Zealand,2020,10 wickets,2020,4.0
2020,Pakistan,2020,inns & 44 runs,2020,2.0
2020,drawn,2020,-,2020,1.0
2020,England,2020,191 runs,2020,5.0
2020,Sri Lanka,2020,10 wickets,2020,4.0
2020,England,2020,inns & 53 runs,2020,2.0
2020,England,2020,189 runs,2020,5.0
2020,Australia,2020,279 runs,2020,4.0
2021,India,2021,113 runs,2020,6.0
2021,Australia,2021,inns & 14 runs,2020,2.0
2021,Australia,2021,275 runs,2020,4.0
2021,Australia,2021,9 wickets,2020,4.0
2021,Pakistan,2021,inns & 8 runs,2020,2.0
2021,India,2021,372 runs,2020,4.0
2021,Sri Lanka,2021,164 runs,2020,5.0
2021,Pakistan,2021,8 wickets,2020,5.0
2021,drawn,2021,-,2020,1.0
2021,Sri Lanka,2021,187 runs,2020,5.0
2021,India,2021,157 runs,2020,5.0
2021,England,2021,inns & 76 runs,2020,2.0
2021,Pakistan,2021,109 runs,2020,6.0
2021,West Indies,2021,1 wicket,2020,9.0
2021,India,2021,151 runs,2020,5.0
2021,drawn,2021,-,2020,1.0
2021,Bangladesh,2021,220 runs,2020,4.0
2021,South Africa,2021,158 runs,2020,5.0
2021,New Zealand,2021,8 wickets,2020,5.0
2021,South Africa,2021,inns & 63 runs,2020,2.0
2021,New Zealand,2021,8 wickets,2020,5.0
2021,drawn,2021,-,2020,1.0
2021,Pakistan,2021,inns & 147 runs,2020,2.0
2021,Pakistan,2021,inns & 116 runs,2020,2.0
2021,Sri Lanka,2021,209 runs,2020,4.0
2021,drawn,2021,-,2020,1.0
2021,drawn,2021,-,2020,1.0
2021,drawn,2021,-,2020,1.0
2021,Afghanistan,2021,6 wickets,2020,6.0
2021,India,2021,inns & 25 runs,2020,2.0
2021,Zimbabwe,2021,10 wickets,2020,4.0
2021,India,2021,10 wickets,2020,4.0
2021,India,2021,317 runs,2020,4.0
2021,West Indies,2021,17 runs,2020,9.0
2021,England,2021,227 runs,2020,4.0
2021,Pakistan,2021,95 runs,2020,7.0
2021,West Indies,2021,3 wickets,2020,7.0
2021,Pakistan,2021,7 wickets,2020,5.0
2021,England,2021,6 wickets,2020,6.0
2021,India,2021,3 wickets,2020,7.0
2021,England,2021,7 wickets,2020,5.0
2021,drawn,2021,-,2020,1.0
2021,South Africa,2021,10 wickets,2020,4.0
2021,New Zealand,2021,inns & 176 runs,2020,2.0
2022,drawn,2022,-,2020,1.0
2022,Australia,2022,inns & 182 runs,2020,2.0
2022,India,2022,3 wickets,2020,7.0
2022,England,2022,8 wickets,2020,5.0
2022,Australia,2022,6 wickets,2020,6.0
2022,India,2022,188 runs,2020,5.0
2022,England,2022,26 runs,2020,8.0
2022,Australia,2022,419 runs,2020,4.0
2022,England,2022,74 runs,2020,7.0
2022,Australia,2022,164 runs,2020,5.0
2022,England,2022,9 wickets,2020,4.0
2022,England,2022,inns & 85 runs,2020,2.0
2022,South Africa,2022,inns & 12 runs,2020,2.0
2022,Sri Lanka,2022,246 runs,2020,4.0
2022,Pakistan,2022,4 wickets,2020,7.0
2022,Sri Lanka,2022,inns & 39 runs,2020,2.0
2022,England,2022,7 wickets,2020,5.0
2022,Australia,2022,10 wickets,2020,4.0
2022,West Indies,2022,10 wickets,2020,4.0
2022,England,2022,7 wickets,2020,5.0
2022,West Indies,2022,7 wickets,2020,5.0
2022,England,2022,5 wickets,2020,6.0
2022,England,2022,5 wickets,2020,6.0
2022,Sri Lanka,2022,10 wickets,2020,4.0
2022,drawn,2022,-,2020,1.0
2022,South Africa,2022,332 runs,2020,4.0
2022,South Africa,2022,220 runs,2020,4.0
2022,West Indies,2022,10 wickets,2020,4.0
2022,Australia,2022,115 runs,2020,6.0
2022,drawn,2022,-,2020,1.0
2022,India,2022,238 runs,2020,4.0
2022,drawn,2022,-,2020,1.0
2022,drawn,2022,-,2020,1.0
2022,drawn,2022,-,2020,1.0
2022,India,2022,inns & 222 runs,2020,2.0
2022,South Africa,2022,198 runs,2020,5.0
2022,New Zealand,2022,inns & 276 runs,2020,2.0
2022,Australia,2022,146 runs,2020,6.0
2022,South Africa,2022,7 wickets,2020,5.0
2022,New Zealand,2022,inns & 117 runs,2020,2.0
2022,drawn,2022,-,2020,1.0
2022,South Africa,2022,7 wickets,2020,5.0
2022,Bangladesh,2022,8 wickets,2020,5.0
2023,South Africa,2023,inns & 32 runs,2020,2.0
2023,Australia,2023,79 runs,2020,7.0
2023,Australia,2023,360 runs,2020,4.0
2023,New Zealand,2023,4 wickets,2020,7.0
2023,Bangladesh,2023,150 runs,2020,5.0
2023,England,2023,49 runs,2020,8.0
2023,Pakistan,2023,inns & 222 runs,2020,2.0
2023,drawn,2023,-,2020,1.0
2023,drawn,2023,-,2020,1.0
2023,Pakistan,2023,4 wickets,2020,7.0
2023,India,2023,inns & 141 runs,2020,2.0
2023,England,2023,3 wickets,2020,7.0
2023,Australia,2023,43 runs,2020,8.0
2023,Australia,2023,2 wickets,2020,8.0
2023,Bangladesh,2023,546 runs,2020,4.0
2023,Australia,2023,209 runs,2020,4.0
2023,England,2023,10 wickets,2020,4.0
2023,Sri Lanka,2023,inns & 10 runs,2020,2.0
2023,Sri Lanka,2023,inns & 280 runs,2020,2.0
2023,Bangladesh,2023,7 wickets,2020,5.0
2023,New Zealand,2023,inns & 58 runs,2020,2.0
2023,drawn,2023,-,2020,1.0
2023,New Zealand,2023,2 wickets,2020,8.0
2023,South Africa,2023,284 runs,2020,4.0
2023,Australia,2023,9 wickets,2020,4.0
2023,South Africa,2023,87 runs,2020,7.0
2023,New Zealand,2023,1 run,2020,9.0
2023,India,2023,6 wickets,2020,6.0
2023,England,2023,267 runs,2020,4.0
2023,West Indies,2023,inns & 4 runs,2020,2.0
2023,India,2023,inns & 132 runs,2020,2.0
2023,drawn,2023,-,2020,1.0
2023,drawn,2023,-,2020,1.0
2023,drawn,2023,-,2020,1.0
